pref,date,ML,Low_90,High_90,Low_50,High_50
あきる野市,2020-03-31,3.00,0.86,6.84,1.86,4.27
あきる野市,2020-04-01,3.02,0.85,6.91,1.83,4.27
あきる野市,2020-04-02,3.04,0.80,6.94,1.91,4.37
あきる野市,2020-04-03,3.06,0.81,7.02,1.85,4.34
あきる野市,2020-04-04,3.08,0.78,7.06,1.96,4.47
あきる野市,2020-04-05,3.10,0.71,7.06,1.87,4.41
あきる野市,2020-04-06,2.61,0.42,5.62,1.57,3.68
あきる野市,2020-04-07,2.62,0.42,5.67,1.55,3.69
あきる野市,2020-04-08,2.64,0.38,5.68,1.53,3.70
あきる野市,2020-04-09,2.65,0.30,5.65,1.51,3.71
あきる野市,2020-04-10,2.67,0.27,5.66,1.59,3.81
あきる野市,2020-04-11,2.68,0.21,5.64,1.54,3.79
あきる野市,2020-04-12,2.69,0.21,5.67,1.49,3.77
あきる野市,2020-04-13,2.70,0.21,5.70,1.55,3.85
あきる野市,2020-04-14,2.71,0.18,5.70,1.49,3.82
あきる野市,2020-04-15,2.72,0.14,5.69,1.54,3.89
あきる野市,2020-04-16,2.26,0.00,4.73,1.11,3.21
あきる野市,2020-04-17,2.26,0.01,4.76,1.15,3.27
あきる野市,2020-04-18,2.26,0.00,4.78,1.03,3.18
あきる野市,2020-04-19,2.26,0.00,4.80,1.02,3.19
あきる野市,2020-04-20,1.79,0.00,4.17,0.59,2.53
あきる野市,2020-04-21,1.77,0.00,4.20,0.44,2.40
あきる野市,2020-04-22,1.75,0.00,4.22,0.42,2.39
あきる野市,2020-04-23,1.73,0.00,4.25,0.40,2.38
あきる野市,2020-04-24,1.64,0.00,4.10,0.44,2.35
あきる野市,2020-04-25,1.55,0.00,3.98,0.34,2.20
あきる野市,2020-04-26,0.63,0.00,3.55,0.15,1.76
あきる野市,2020-04-27,0.63,0.00,3.58,0.21,1.82
あきる野市,2020-04-28,0.63,0.00,3.61,0.16,1.78
あきる野市,2020-04-29,0.52,0.00,3.23,0.12,1.51
あきる野市,2020-04-30,0.53,0.00,3.26,0.10,1.50
あきる野市,2020-05-01,0.54,0.00,3.29,0.09,1.50
あきる野市,2020-05-02,0.54,0.00,3.32,0.08,1.50
あきる野市,2020-05-03,0.55,0.00,3.34,0.08,1.51
あきる野市,2020-05-04,0.56,0.00,3.37,0.08,1.52
あきる野市,2020-05-05,0.56,0.00,3.40,0.07,1.52
あきる野市,2020-05-06,0.56,0.00,3.42,0.07,1.53
あきる野市,2020-05-07,0.57,0.00,3.45,0.16,1.62
あきる野市,2020-05-08,0.57,0.00,3.47,0.15,1.62
あきる野市,2020-05-09,0.57,0.00,3.50,0.14,1.62
あきる野市,2020-05-10,0.57,0.00,3.52,0.13,1.62
あきる野市,2020-05-11,0.58,0.00,3.55,0.13,1.63
あきる野市,2020-05-12,0.58,0.00,3.57,0.12,1.63
あきる野市,2020-05-13,0.58,0.00,3.60,0.12,1.64
あきる野市,2020-05-14,0.58,0.00,3.62,0.11,1.64
あきる野市,2020-05-15,0.58,0.00,3.65,0.11,1.65
三鷹市,2020-03-31,3.00,0.86,6.84,1.86,4.27
三鷹市,2020-04-01,3.02,0.85,6.91,1.83,4.27
三鷹市,2020-04-02,3.04,0.80,6.94,1.91,4.37
三鷹市,2020-04-03,3.06,0.81,7.02,1.85,4.34
三鷹市,2020-04-04,3.08,0.78,7.06,1.96,4.47
三鷹市,2020-04-05,2.60,0.52,5.66,1.52,3.61
三鷹市,2020-04-06,2.62,0.43,5.64,1.51,3.63
三鷹市,2020-04-07,2.63,0.43,5.69,1.61,3.75
三鷹市,2020-04-08,3.30,0.89,6.58,2.15,4.49
三鷹市,2020-04-09,2.11,0.12,4.21,1.20,2.94
三鷹市,2020-04-10,2.12,0.15,4.27,1.20,2.97
三鷹市,2020-04-11,2.13,0.10,4.26,1.20,3.00
三鷹市,2020-04-12,1.85,0.00,3.79,0.94,2.64
三鷹市,2020-04-13,1.85,0.00,3.82,0.86,2.59
三鷹市,2020-04-14,1.54,0.00,3.48,0.48,2.10
三鷹市,2020-04-15,1.52,0.00,3.51,0.52,2.15
三鷹市,2020-04-16,1.45,0.00,3.38,0.40,1.98
三鷹市,2020-04-17,1.37,0.00,3.27,0.40,1.93
三鷹市,2020-04-18,0.54,0.00,2.78,0.08,1.33
三鷹市,2020-04-19,0.54,0.00,2.81,0.13,1.38
三鷹市,2020-04-20,0.55,0.00,2.85,0.12,1.38
三鷹市,2020-04-21,0.56,0.00,2.84,0.15,1.40
三鷹市,2020-04-22,0.57,0.00,2.82,0.11,1.36
三鷹市,2020-04-23,0.58,0.00,2.81,0.14,1.38
三鷹市,2020-04-24,0.50,0.00,2.61,0.07,1.19
三鷹市,2020-04-25,0.50,0.00,2.65,0.08,1.21
三鷹市,2020-04-26,0.45,0.00,2.46,0.06,1.08
三鷹市,2020-04-27,0.47,0.00,2.49,0.10,1.13
三鷹市,2020-04-28,0.48,0.00,2.53,0.06,1.11
三鷹市,2020-04-29,0.49,0.00,2.56,0.09,1.15
三鷹市,2020-04-30,0.44,0.00,2.37,0.03,1.00
三鷹市,2020-05-01,0.46,0.00,2.41,0.07,1.05
三鷹市,2020-05-02,0.47,0.00,2.44,0.05,1.05
三鷹市,2020-05-03,0.48,0.00,2.48,0.09,1.10
三鷹市,2020-05-04,0.44,0.00,2.30,0.03,0.96
三鷹市,2020-05-05,0.45,0.00,2.33,0.08,1.02
三鷹市,2020-05-06,0.46,0.00,2.37,0.06,1.02
三鷹市,2020-05-07,0.47,0.00,2.41,0.05,1.03
三鷹市,2020-05-08,0.47,0.00,2.44,0.10,1.09
三鷹市,2020-05-09,0.48,0.00,2.48,0.07,1.08
三鷹市,2020-05-10,0.49,0.00,2.51,0.05,1.08
三鷹市,2020-05-11,0.49,0.00,2.54,0.09,1.13
三鷹市,2020-05-12,0.50,0.00,2.58,0.06,1.12
三鷹市,2020-05-13,0.50,0.00,2.61,0.09,1.16
三鷹市,2020-05-14,0.45,0.00,2.40,0.08,1.05
三鷹市,2020-05-15,0.46,0.00,2.44,0.05,1.04
世田谷区,2020-03-31,3.00,0.86,6.84,1.86,4.27
世田谷区,2020-04-01,2.93,1.04,5.24,1.97,3.74
世田谷区,2020-04-02,2.60,0.97,4.39,1.84,3.27
世田谷区,2020-04-03,2.40,0.94,3.96,1.70,2.96
世田谷区,2020-04-04,2.15,0.78,3.53,1.52,2.66
世田谷区,2020-04-05,1.88,0.55,3.13,1.26,2.33
世田谷区,2020-04-06,1.77,0.46,2.96,1.16,2.20
世田谷区,2020-04-07,1.76,0.45,2.91,1.18,2.20
世田谷区,2020-04-08,1.81,0.56,2.98,1.26,2.26
世田谷区,2020-04-09,1.84,0.57,2.94,1.25,2.23
世田谷区,2020-04-10,1.78,0.58,2.87,1.21,2.16
世田谷区,2020-04-11,1.65,0.44,2.67,1.14,2.06
世田谷区,2020-04-12,1.55,0.40,2.57,1.00,1.91
世田谷区,2020-04-13,1.34,0.18,2.27,0.87,1.76
世田谷区,2020-04-14,1.22,0.10,2.13,0.69,1.58
世田谷区,2020-04-15,1.19,0.08,2.09,0.66,1.55
世田谷区,2020-04-16,1.15,0.08,2.07,0.62,1.51
世田谷区,2020-04-17,1.11,0.09,2.06,0.57,1.46
世田谷区,2020-04-18,1.08,0.03,1.99,0.52,1.41
世田谷区,2020-04-19,0.97,0.00,1.89,0.42,1.29
世田谷区,2020-04-20,0.95,0.00,1.89,0.39,1.26
世田谷区,2020-04-21,0.74,0.00,1.76,0.25,1.07
世田谷区,2020-04-22,0.63,0.00,1.72,0.23,1.02
世田谷区,2020-04-23,0.63,0.00,1.74,0.20,1.00
世田谷区,2020-04-24,0.64,0.00,1.76,0.19,1.00
世田谷区,2020-04-25,0.74,0.00,1.84,0.32,1.16
世田谷区,2020-04-26,0.65,0.00,1.77,0.27,1.08
世田谷区,2020-04-27,0.57,0.00,1.72,0.15,0.94
世田谷区,2020-04-28,0.58,0.00,1.74,0.22,1.01
世田谷区,2020-04-29,0.53,0.00,1.70,0.13,0.90
世田谷区,2020-04-30,0.54,0.00,1.72,0.14,0.92
世田谷区,2020-05-01,0.55,0.00,1.75,0.15,0.94
世田谷区,2020-05-02,0.50,0.00,1.70,0.14,0.90
世田谷区,2020-05-03,0.52,0.00,1.73,0.17,0.94
世田谷区,2020-05-04,0.47,0.00,1.68,0.09,0.84
世田谷区,2020-05-05,0.44,0.00,1.65,0.11,0.83
世田谷区,2020-05-06,0.42,0.00,1.61,0.07,0.77
世田谷区,2020-05-07,0.44,0.00,1.66,0.08,0.80
世田谷区,2020-05-08,0.50,0.00,1.77,0.12,0.90
世田谷区,2020-05-09,0.65,0.00,1.97,0.25,1.13
世田谷区,2020-05-10,0.66,0.00,1.97,0.20,1.09
世田谷区,2020-05-11,0.66,0.00,1.97,0.22,1.11
世田谷区,2020-05-12,0.57,0.00,1.88,0.15,1.00
世田谷区,2020-05-13,0.50,0.00,1.82,0.12,0.93
世田谷区,2020-05-14,0.41,0.00,1.69,0.07,0.80
世田谷区,2020-05-15,0.39,0.00,1.65,0.08,0.78
中央区,2020-03-31,3.00,0.86,6.84,1.86,4.27
中央区,2020-04-01,3.02,0.85,6.91,1.83,4.27
中央区,2020-04-02,3.04,0.80,6.94,1.91,4.37
中央区,2020-04-03,3.06,0.81,7.02,1.85,4.34
中央区,2020-04-04,3.37,0.94,7.02,2.20,4.69
中央区,2020-04-05,3.07,0.85,5.98,2.02,4.14
中央区,2020-04-06,2.87,0.77,5.42,1.84,3.77
中央区,2020-04-07,2.72,0.68,5.03,1.82,3.62
中央区,2020-04-08,2.36,0.43,4.43,1.46,3.13
中央区,2020-04-09,2.32,0.41,4.36,1.42,3.08
中央区,2020-04-10,2.29,0.32,4.23,1.41,3.06
中央区,2020-04-11,2.47,0.45,4.46,1.57,3.25
中央区,2020-04-12,2.59,0.55,4.54,1.70,3.36
中央区,2020-04-13,2.64,0.65,4.52,1.72,3.33
中央区,2020-04-14,2.63,0.71,4.41,1.80,3.33
中央区,2020-04-15,2.42,0.59,4.07,1.59,3.04
中央区,2020-04-16,2.25,0.46,3.78,1.45,2.84
中央区,2020-04-17,1.82,0.16,3.20,1.10,2.43
中央区,2020-04-18,1.76,0.13,3.12,0.97,2.30
中央区,2020-04-19,1.71,0.08,3.03,0.94,2.26
中央区,2020-04-20,1.65,0.09,2.99,0.93,2.24
中央区,2020-04-21,1.44,0.00,2.75,0.65,1.93
中央区,2020-04-22,1.40,0.00,2.74,0.61,1.89
中央区,2020-04-23,1.35,0.01,2.73,0.55,1.83
中央区,2020-04-24,1.31,0.00,2.71,0.46,1.74
中央区,2020-04-25,1.26,0.00,2.70,0.47,1.74
中央区,2020-04-26,1.21,0.00,2.69,0.37,1.64
中央区,2020-04-27,1.16,0.00,2.67,0.35,1.61
中央区,2020-04-28,1.11,0.00,2.66,0.34,1.59
中央区,2020-04-29,0.73,0.00,2.51,0.22,1.38
中央区,2020-04-30,0.69,0.00,2.53,0.22,1.38
中央区,2020-05-01,0.53,0.00,2.40,0.09,1.17
中央区,2020-05-02,0.53,0.00,2.44,0.09,1.18
中央区,2020-05-03,0.54,0.00,2.45,0.11,1.20
中央区,2020-05-04,0.55,0.00,2.47,0.14,1.23
中央区,2020-05-05,0.56,0.00,2.48,0.19,1.28
中央区,2020-05-06,0.56,0.00,2.49,0.12,1.22
中央区,2020-05-07,0.49,0.00,2.35,0.08,1.09
中央区,2020-05-08,0.49,0.00,2.39,0.10,1.12
中央区,2020-05-09,0.50,0.00,2.42,0.06,1.10
中央区,2020-05-10,0.74,0.00,2.77,0.27,1.51
中央区,2020-05-11,1.02,0.00,2.87,0.29,1.61
中央区,2020-05-12,1.01,0.00,2.77,0.32,1.59
中央区,2020-05-13,0.75,0.00,2.53,0.20,1.35
中央区,2020-05-14,0.57,0.00,2.36,0.16,1.21
中央区,2020-05-15,0.43,0.00,2.10,0.04,0.94
中野区,2020-03-31,3.00,0.86,6.84,1.86,4.27
中野区,2020-04-01,2.79,0.87,5.76,1.80,3.82
中野区,2020-04-02,2.93,0.96,5.63,1.92,3.87
中野区,2020-04-03,2.96,1.05,5.36,1.97,3.78
中野区,2020-04-04,2.68,0.90,4.75,1.79,3.40
中野区,2020-04-05,2.67,0.96,4.61,1.86,3.38
中野区,2020-04-06,2.46,0.79,4.19,1.70,3.11
中野区,2020-04-07,2.15,0.54,3.73,1.39,2.72
中野区,2020-04-08,2.06,0.47,3.58,1.32,2.62
中野区,2020-04-09,1.98,0.36,3.41,1.25,2.53
中野区,2020-04-10,1.90,0.30,3.29,1.25,2.51
中野区,2020-04-11,1.83,0.28,3.21,1.17,2.42
中野区,2020-04-12,1.77,0.22,3.10,1.02,2.27
中野区,2020-04-13,1.71,0.20,3.03,0.98,2.22
中野区,2020-04-14,1.65,0.13,2.92,0.96,2.19
中野区,2020-04-15,1.47,0.08,2.73,0.75,1.96
中野区,2020-04-16,1.43,0.01,2.65,0.73,1.94
中野区,2020-04-17,1.38,0.00,2.62,0.67,1.88
中野区,2020-04-18,1.34,0.00,2.60,0.59,1.80
中野区,2020-04-19,1.74,0.18,3.05,1.00,2.27
中野区,2020-04-20,2.02,0.43,3.38,1.28,2.53
中野区,2020-04-21,2.08,0.55,3.40,1.38,2.57
中野区,2020-04-22,2.00,0.54,3.25,1.33,2.46
中野区,2020-04-23,1.74,0.32,2.88,1.12,2.20
中野区,2020-04-24,1.35,0.13,2.45,0.74,1.78
中野区,2020-04-25,0.99,0.00,2.07,0.43,1.40
中野区,2020-04-26,0.50,0.00,1.85,0.10,0.95
中野区,2020-04-27,0.50,0.00,1.88,0.17,1.02
中野区,2020-04-28,0.51,0.00,1.92,0.16,1.02
中野区,2020-04-29,0.52,0.00,1.95,0.17,1.04
中野区,2020-04-30,0.52,0.00,1.98,0.18,1.06
中野区,2020-05-01,0.61,0.00,2.11,0.20,1.15
中野区,2020-05-02,0.62,0.00,2.12,0.16,1.12
中野区,2020-05-03,0.61,0.00,2.13,0.18,1.14
中野区,2020-05-04,0.61,0.00,2.13,0.21,1.17
中野区,2020-05-05,0.52,0.00,2.04,0.10,1.01
中野区,2020-05-06,0.46,0.00,1.96,0.13,0.98
中野区,2020-05-07,0.47,0.00,2.00,0.07,0.94
中野区,2020-05-08,0.64,0.00,2.25,0.19,1.20
中野区,2020-05-09,1.17,0.02,2.63,0.47,1.67
中野区,2020-05-10,1.46,0.08,2.82,0.73,1.97
中野区,2020-05-11,1.52,0.14,2.83,0.90,2.10
中野区,2020-05-12,1.30,0.02,2.50,0.62,1.75
中野区,2020-05-13,0.99,0.00,2.22,0.39,1.42
中野区,2020-05-14,0.63,0.00,2.01,0.16,1.09
中野区,2020-05-15,0.40,0.00,1.77,0.08,0.85
八王子市,2020-03-31,3.00,0.86,6.84,1.86,4.27
八王子市,2020-04-01,3.02,0.85,6.91,1.83,4.27
八王子市,2020-04-02,3.04,0.80,6.94,1.91,4.37
八王子市,2020-04-03,3.06,0.81,7.02,1.85,4.34
八王子市,2020-04-04,2.94,0.72,6.27,1.80,4.06
八王子市,2020-04-05,2.84,0.67,5.83,1.85,3.96
八王子市,2020-04-06,2.76,0.67,5.56,1.68,3.70
八王子市,2020-04-07,2.68,0.60,5.30,1.71,3.65
八王子市,2020-04-08,2.62,0.55,5.10,1.61,3.50
八王子市,2020-04-09,2.56,0.48,4.91,1.55,3.40
八王子市,2020-04-10,2.50,0.40,4.73,1.58,3.39
八王子市,2020-04-11,2.71,0.59,5.00,1.71,3.55
八王子市,2020-04-12,2.58,0.49,4.69,1.62,3.38
八王子市,2020-04-13,2.47,0.37,4.41,1.55,3.25
八王子市,2020-04-14,2.15,0.18,3.93,1.23,2.86
八王子市,2020-04-15,2.12,0.17,3.88,1.19,2.82
八王子市,2020-04-16,2.30,0.24,4.08,1.43,3.08
八王子市,2020-04-17,2.21,0.19,3.92,1.31,2.93
八王子市,2020-04-18,2.34,0.31,4.07,1.44,3.05
八王子市,2020-04-19,2.21,0.23,3.84,1.34,2.90
八王子市,2020-04-20,1.91,0.09,3.44,1.12,2.62
八王子市,2020-04-21,1.65,0.01,3.15,0.78,2.24
八王子市,2020-04-22,1.62,0.02,3.15,0.68,2.15
八王子市,2020-04-23,1.58,0.00,3.13,0.66,2.13
八王子市,2020-04-24,1.54,0.00,3.12,0.62,2.09
八王子市,2020-04-25,1.50,0.00,3.11,0.55,2.02
八王子市,2020-04-26,1.46,0.00,3.10,0.47,1.94
八王子市,2020-04-27,1.41,0.00,3.09,0.48,1.94
八王子市,2020-04-28,0.93,0.00,2.90,0.29,1.64
八王子市,2020-04-29,0.82,0.00,2.93,0.26,1.62
八王子市,2020-04-30,0.75,0.00,2.96,0.23,1.60
八王子市,2020-05-01,0.71,0.00,3.00,0.21,1.59
八王子市,2020-05-02,0.69,0.00,3.03,0.19,1.58
八王子市,2020-05-03,0.69,0.00,3.01,0.17,1.55
八王子市,2020-05-04,0.69,0.00,2.99,0.16,1.53
八王子市,2020-05-05,0.54,0.00,2.78,0.08,1.31
八王子市,2020-05-06,0.54,0.00,2.81,0.16,1.39
八王子市,2020-05-07,0.55,0.00,2.85,0.16,1.40
八王子市,2020-05-08,0.55,0.00,2.88,0.16,1.41
八王子市,2020-05-09,0.55,0.00,2.91,0.17,1.43
八王子市,2020-05-10,0.56,0.00,2.94,0.08,1.36
八王子市,2020-05-11,0.56,0.00,2.97,0.09,1.38
八王子市,2020-05-12,0.56,0.00,3.00,0.09,1.39
八王子市,2020-05-13,0.56,0.00,3.03,0.09,1.40
八王子市,2020-05-14,0.56,0.00,3.06,0.09,1.41
八王子市,2020-05-15,0.56,0.00,3.09,0.10,1.43
北区,2020-03-31,3.00,0.86,6.84,1.86,4.27
北区,2020-04-01,2.89,0.85,6.19,1.79,3.98
北区,2020-04-02,2.80,0.81,5.78,1.75,3.80
北区,2020-04-03,2.73,0.81,5.53,1.75,3.70
北区,2020-04-04,2.66,0.71,5.26,1.70,3.58
北区,2020-04-05,2.60,0.65,5.07,1.64,3.47
北区,2020-04-06,2.55,0.57,4.89,1.59,3.38
北区,2020-04-07,2.50,0.55,4.78,1.55,3.31
北区,2020-04-08,2.70,0.70,5.01,1.75,3.54
北区,2020-04-09,2.58,0.57,4.69,1.70,3.41
北区,2020-04-10,2.47,0.49,4.46,1.55,3.21
北区,2020-04-11,2.38,0.41,4.26,1.46,3.08
北区,2020-04-12,2.50,0.56,4.40,1.68,3.28
北区,2020-04-13,2.37,0.48,4.16,1.48,3.03
北区,2020-04-14,2.25,0.40,3.95,1.46,2.96
北区,2020-04-15,2.15,0.33,3.77,1.33,2.80
北区,2020-04-16,2.23,0.40,3.83,1.43,2.88
北区,2020-04-17,1.95,0.17,3.39,1.19,2.59
北区,2020-04-18,2.03,0.26,3.50,1.20,2.60
北区,2020-04-19,1.78,0.14,3.18,0.96,2.32
北区,2020-04-20,1.72,0.08,3.07,0.90,2.25
北区,2020-04-21,1.50,0.01,2.83,0.71,2.02
北区,2020-04-22,1.63,0.04,2.97,0.83,2.17
北区,2020-04-23,1.57,0.03,2.91,0.74,2.07
北区,2020-04-24,1.33,0.00,2.71,0.48,1.76
北区,2020-04-25,1.28,0.00,2.70,0.50,1.77
北区,2020-04-26,1.24,0.00,2.69,0.39,1.66
北区,2020-04-27,1.19,0.00,2.67,0.38,1.64
北区,2020-04-28,1.14,0.00,2.66,0.37,1.62
北区,2020-04-29,1.09,0.00,2.65,0.37,1.61
北区,2020-04-30,1.04,0.00,2.63,0.36,1.59
北区,2020-05-01,0.99,0.00,2.62,0.37,1.59
北区,2020-05-02,0.95,0.00,2.61,0.24,1.46
北区,2020-05-03,0.63,0.00,2.46,0.21,1.33
北区,2020-05-04,0.51,0.00,2.34,0.10,1.14
北区,2020-05-05,0.51,0.00,2.38,0.10,1.15
北区,2020-05-06,0.62,0.00,2.54,0.24,1.38
北区,2020-05-07,0.64,0.00,2.53,0.16,1.30
北区,2020-05-08,0.64,0.00,2.51,0.19,1.32
北区,2020-05-09,0.64,0.00,2.50,0.14,1.27
北区,2020-05-10,0.53,0.00,2.35,0.15,1.18
北区,2020-05-11,0.64,0.00,2.51,0.15,1.28
北区,2020-05-12,0.64,0.00,2.50,0.19,1.31
北区,2020-05-13,0.85,0.00,2.64,0.31,1.51
北区,2020-05-14,0.84,0.00,2.59,0.22,1.41
北区,2020-05-15,0.63,0.00,2.41,0.14,1.23
千代田区,2020-03-31,3.00,0.86,6.84,1.86,4.27
千代田区,2020-04-01,3.02,0.85,6.91,1.83,4.27
千代田区,2020-04-02,3.04,0.80,6.94,1.91,4.37
千代田区,2020-04-03,3.06,0.81,7.02,1.85,4.34
千代田区,2020-04-04,2.94,0.72,6.27,1.80,4.06
千代田区,2020-04-05,2.84,0.67,5.83,1.85,3.96
千代田区,2020-04-06,2.76,0.67,5.56,1.68,3.70
千代田区,2020-04-07,2.68,0.60,5.30,1.71,3.65
千代田区,2020-04-08,2.62,0.55,5.10,1.61,3.50
千代田区,2020-04-09,2.56,0.48,4.91,1.55,3.40
千代田区,2020-04-10,2.25,0.24,4.36,1.34,3.09
千代田区,2020-04-11,2.26,0.16,4.33,1.35,3.13
千代田区,2020-04-12,2.22,0.14,4.22,1.30,3.06
千代田区,2020-04-13,2.18,0.13,4.13,1.18,2.93
千代田区,2020-04-14,2.38,0.23,4.37,1.37,3.15
千代田区,2020-04-15,2.28,0.23,4.19,1.32,3.04
千代田区,2020-04-16,2.19,0.17,3.99,1.30,2.97
千代田区,2020-04-17,1.88,0.04,3.56,0.98,2.58
千代田区,2020-04-18,1.85,0.02,3.51,0.91,2.51
千代田区,2020-04-19,1.56,0.00,3.26,0.55,2.09
千代田区,2020-04-20,1.54,0.00,3.29,0.49,2.05
千代田区,2020-04-21,1.52,0.00,3.32,0.52,2.09
千代田区,2020-04-22,1.46,0.00,3.29,0.42,1.98
千代田区,2020-04-23,1.40,0.00,3.27,0.44,1.98
千代田区,2020-04-24,1.35,0.00,3.24,0.35,1.88
千代田区,2020-04-25,0.68,0.00,3.01,0.16,1.55
千代田区,2020-04-26,0.66,0.00,3.04,0.21,1.60
千代田区,2020-04-27,0.65,0.00,3.07,0.18,1.58
千代田区,2020-04-28,0.64,0.00,3.10,0.16,1.57
千代田区,2020-04-29,0.64,0.00,3.13,0.15,1.57
千代田区,2020-04-30,0.64,0.00,3.10,0.18,1.58
千代田区,2020-05-01,0.65,0.00,3.08,0.15,1.54
千代田区,2020-05-02,1.06,0.00,3.28,0.26,1.78
千代田区,2020-05-03,1.04,0.00,3.19,0.32,1.79
千代田区,2020-05-04,1.01,0.00,3.11,0.35,1.78
千代田区,2020-05-05,0.98,0.00,3.04,0.28,1.68
千代田区,2020-05-06,0.63,0.00,2.79,0.21,1.46
千代田区,2020-05-07,0.62,0.00,2.78,0.15,1.40
千代田区,2020-05-08,0.51,0.00,2.60,0.10,1.23
千代田区,2020-05-09,0.52,0.00,2.63,0.11,1.25
千代田区,2020-05-10,0.53,0.00,2.63,0.11,1.25
千代田区,2020-05-11,0.65,0.00,2.82,0.14,1.40
千代田区,2020-05-12,0.54,0.00,2.59,0.10,1.23
千代田区,2020-05-13,0.55,0.00,2.59,0.11,1.24
千代田区,2020-05-14,0.55,0.00,2.60,0.12,1.25
千代田区,2020-05-15,0.48,0.00,2.43,0.08,1.11
台東区,2020-03-31,3.00,0.86,6.84,1.86,4.27
台東区,2020-04-01,3.15,1.06,6.36,2.01,4.22
台東区,2020-04-02,2.83,0.96,5.39,1.91,3.76
台東区,2020-04-03,2.63,0.83,4.84,1.78,3.45
台東区,2020-04-04,2.28,0.61,4.25,1.52,3.03
台東区,2020-04-05,2.22,0.57,4.13,1.45,2.93
台東区,2020-04-06,2.17,0.49,3.99,1.38,2.84
台東区,2020-04-07,2.11,0.40,3.85,1.39,2.83
台東区,2020-04-08,2.23,0.48,3.97,1.40,2.86
台東区,2020-04-09,2.14,0.41,3.80,1.39,2.81
台東区,2020-04-10,2.06,0.31,3.62,1.27,2.67
台東区,2020-04-11,1.84,0.15,3.29,1.12,2.48
台東区,2020-04-12,1.80,0.13,3.24,1.00,2.37
台東区,2020-04-13,1.76,0.11,3.19,0.97,2.34
台東区,2020-04-14,1.56,0.00,2.93,0.85,2.19
台東区,2020-04-15,1.53,0.02,2.95,0.69,2.05
台東区,2020-04-16,1.69,0.04,3.12,0.81,2.22
台東区,2020-04-17,1.64,0.05,3.09,0.80,2.20
台東区,2020-04-18,1.59,0.01,3.02,0.79,2.18
台東区,2020-04-19,1.54,0.00,2.98,0.65,2.04
台東区,2020-04-20,1.27,0.00,2.80,0.44,1.76
台東区,2020-04-21,1.23,0.00,2.80,0.42,1.74
台東区,2020-04-22,1.18,0.00,2.81,0.38,1.70
台東区,2020-04-23,1.12,0.00,2.81,0.33,1.65
台東区,2020-04-24,1.07,0.00,2.81,0.28,1.60
台東区,2020-04-25,1.01,0.00,2.82,0.24,1.56
台東区,2020-04-26,0.96,0.00,2.82,0.28,1.59
台東区,2020-04-27,0.90,0.00,2.82,0.23,1.54
台東区,2020-04-28,0.86,0.00,2.82,0.27,1.57
台東区,2020-04-29,0.81,0.00,2.81,0.21,1.51
台東区,2020-04-30,1.19,0.00,2.99,0.33,1.73
台東区,2020-05-01,1.14,0.00,2.94,0.39,1.76
台東区,2020-05-02,1.10,0.00,2.90,0.34,1.69
台東区,2020-05-03,0.70,0.00,2.69,0.20,1.43
台東区,2020-05-04,0.67,0.00,2.70,0.17,1.40
台東区,2020-05-05,0.53,0.00,2.54,0.13,1.25
台東区,2020-05-06,0.53,0.00,2.57,0.13,1.26
台東区,2020-05-07,0.54,0.00,2.61,0.14,1.28
台東区,2020-05-08,0.54,0.00,2.64,0.16,1.31
台東区,2020-05-09,1.98,0.18,3.56,1.17,2.68
台東区,2020-05-10,2.41,0.72,3.90,1.65,2.98
台東区,2020-05-11,2.31,0.81,3.59,1.64,2.79
台東区,2020-05-12,1.70,0.36,2.82,1.08,2.12
台東区,2020-05-13,1.15,0.01,2.11,0.58,1.53
台東区,2020-05-14,0.59,0.00,1.74,0.15,0.96
台東区,2020-05-15,0.25,0.00,1.30,0.00,0.53
品川区,2020-03-31,3.00,0.86,6.84,1.86,4.27
品川区,2020-04-01,2.89,0.85,6.19,1.79,3.98
品川区,2020-04-02,3.61,1.24,7.04,2.36,4.79
品川区,2020-04-03,3.49,1.23,6.17,2.49,4.56
品川区,2020-04-04,3.03,1.05,5.25,2.05,3.81
品川区,2020-04-05,2.75,0.92,4.73,1.87,3.46
品川区,2020-04-06,2.73,1.00,4.62,1.88,3.39
品川区,2020-04-07,2.35,0.69,4.04,1.60,2.99
品川区,2020-04-08,2.53,0.87,4.18,1.77,3.14
品川区,2020-04-09,2.60,0.96,4.14,1.88,3.19
品川区,2020-04-10,2.48,0.96,3.95,1.82,3.05
品川区,2020-04-11,2.25,0.76,3.60,1.59,2.76
品川区,2020-04-12,2.08,0.64,3.37,1.41,2.54
品川区,2020-04-13,1.75,0.32,2.93,1.10,2.20
品川区,2020-04-14,1.48,0.12,2.59,0.88,1.96
品川区,2020-04-15,1.54,0.18,2.69,0.88,1.98
品川区,2020-04-16,1.59,0.18,2.72,0.96,2.06
品川区,2020-04-17,1.42,0.10,2.53,0.74,1.83
品川区,2020-04-18,1.48,0.11,2.58,0.86,1.95
品川区,2020-04-19,1.31,0.09,2.44,0.68,1.75
品川区,2020-04-20,1.03,0.00,2.17,0.36,1.38
品川区,2020-04-21,0.98,0.00,2.17,0.34,1.36
品川区,2020-04-22,0.94,0.00,2.18,0.31,1.33
品川区,2020-04-23,0.89,0.00,2.18,0.28,1.30
品川区,2020-04-24,0.67,0.00,2.09,0.27,1.23
品川区,2020-04-25,0.54,0.00,2.01,0.15,1.06
品川区,2020-04-26,0.54,0.00,2.04,0.13,1.05
品川区,2020-04-27,0.65,0.00,2.16,0.17,1.16
品川区,2020-04-28,0.65,0.00,2.17,0.18,1.17
品川区,2020-04-29,0.65,0.00,2.18,0.18,1.17
品川区,2020-04-30,0.64,0.00,2.18,0.19,1.18
品川区,2020-05-01,0.54,0.00,2.08,0.12,1.05
品川区,2020-05-02,0.54,0.00,2.10,0.11,1.05
品川区,2020-05-03,0.54,0.00,2.12,0.15,1.09
品川区,2020-05-04,0.55,0.00,2.14,0.13,1.08
品川区,2020-05-05,0.55,0.00,2.15,0.11,1.07
品川区,2020-05-06,0.48,0.00,2.06,0.07,0.97
品川区,2020-05-07,0.44,0.00,1.98,0.10,0.94
品川区,2020-05-08,0.45,0.00,2.02,0.07,0.93
品川区,2020-05-09,0.46,0.00,2.06,0.06,0.94
品川区,2020-05-10,0.47,0.00,2.11,0.10,0.99
品川区,2020-05-11,0.48,0.00,2.13,0.06,0.97
品川区,2020-05-12,0.48,0.00,2.16,0.08,1.00
品川区,2020-05-13,0.49,0.00,2.18,0.10,1.03
品川区,2020-05-14,0.50,0.00,2.21,0.11,1.05
品川区,2020-05-15,0.45,0.00,2.10,0.07,0.95
国分寺市,2020-03-31,3.00,0.86,6.84,1.86,4.27
国分寺市,2020-04-01,3.02,0.85,6.91,1.83,4.27
国分寺市,2020-04-02,3.04,0.80,6.94,1.91,4.37
国分寺市,2020-04-03,3.06,0.81,7.02,1.85,4.34
国分寺市,2020-04-04,3.08,0.78,7.06,1.96,4.47
国分寺市,2020-04-05,3.10,0.71,7.06,1.87,4.41
国分寺市,2020-04-06,3.11,0.70,7.11,1.82,4.39
国分寺市,2020-04-07,3.13,0.64,7.11,1.87,4.46
国分寺市,2020-04-08,3.15,0.55,7.08,1.96,4.57
国分寺市,2020-04-09,2.54,0.31,5.27,1.45,3.51
国分寺市,2020-04-10,2.19,0.11,4.51,1.21,3.09
国分寺市,2020-04-11,2.20,0.11,4.54,1.19,3.10
国分寺市,2020-04-12,2.21,0.11,4.57,1.16,3.10
国分寺市,2020-04-13,2.21,0.09,4.58,1.12,3.09
国分寺市,2020-04-14,2.22,0.06,4.58,1.18,3.17
国分寺市,2020-04-15,2.23,0.04,4.59,1.10,3.12
国分寺市,2020-04-16,1.47,0.00,3.60,0.43,2.10
国分寺市,2020-04-17,1.44,0.00,3.62,0.39,2.07
国分寺市,2020-04-18,0.60,0.00,3.28,0.13,1.62
国分寺市,2020-04-19,0.60,0.00,3.31,0.17,1.66
国分寺市,2020-04-20,0.61,0.00,3.34,0.14,1.64
国分寺市,2020-04-21,0.61,0.00,3.36,0.12,1.63
国分寺市,2020-04-22,0.51,0.00,3.05,0.11,1.42
国分寺市,2020-04-23,0.52,0.00,3.08,0.10,1.42
国分寺市,2020-04-24,0.38,0.00,2.32,0.00,0.92
国分寺市,2020-04-25,0.41,0.00,2.35,0.03,0.96
国分寺市,2020-04-26,0.36,0.00,2.01,0.00,0.78
国分寺市,2020-04-27,0.39,0.00,2.05,0.03,0.83
国分寺市,2020-04-28,0.41,0.00,2.09,0.05,0.87
国分寺市,2020-04-29,0.42,0.00,2.13,0.07,0.91
国分寺市,2020-04-30,0.43,0.00,2.17,0.08,0.94
国分寺市,2020-05-01,0.44,0.00,2.21,0.09,0.97
国分寺市,2020-05-02,0.45,0.00,2.24,0.08,0.98
国分寺市,2020-05-03,0.46,0.00,2.28,0.07,0.99
国分寺市,2020-05-04,0.47,0.00,2.32,0.06,1.00
国分寺市,2020-05-05,0.47,0.00,2.35,0.05,1.01
国分寺市,2020-05-06,0.43,0.00,2.19,0.08,0.96
国分寺市,2020-05-07,0.44,0.00,2.23,0.07,0.97
国分寺市,2020-05-08,0.45,0.00,2.27,0.06,0.98
国分寺市,2020-05-09,0.46,0.00,2.31,0.05,0.99
国分寺市,2020-05-10,0.47,0.00,2.34,0.11,1.06
国分寺市,2020-05-11,0.48,0.00,2.38,0.08,1.05
国分寺市,2020-05-12,0.48,0.00,2.42,0.06,1.05
国分寺市,2020-05-13,0.49,0.00,2.45,0.11,1.11
国分寺市,2020-05-14,0.49,0.00,2.49,0.08,1.10
国分寺市,2020-05-15,0.49,0.00,2.52,0.06,1.10
国立市,2020-03-31,3.00,0.86,6.84,1.86,4.27
国立市,2020-04-01,3.02,0.85,6.91,1.83,4.27
国立市,2020-04-02,3.04,0.80,6.94,1.91,4.37
国立市,2020-04-03,3.06,0.81,7.02,1.85,4.34
国立市,2020-04-04,3.08,0.78,7.06,1.96,4.47
国立市,2020-04-05,3.10,0.71,7.06,1.87,4.41
国立市,2020-04-06,3.11,0.70,7.11,1.82,4.39
国立市,2020-04-07,3.13,0.64,7.11,1.87,4.46
国立市,2020-04-08,3.15,0.55,7.08,1.96,4.57
国立市,2020-04-09,3.16,0.51,7.09,1.86,4.50
国立市,2020-04-10,2.23,0.07,4.67,1.16,3.12
国立市,2020-04-11,2.24,0.06,4.69,1.25,3.23
国立市,2020-04-12,2.25,0.04,4.70,1.20,3.21
国立市,2020-04-13,2.26,0.07,4.75,1.15,3.19
国立市,2020-04-14,1.90,0.00,4.12,0.80,2.67
国立市,2020-04-15,1.90,0.00,4.15,0.80,2.69
国立市,2020-04-16,1.90,0.00,4.17,0.78,2.69
国立市,2020-04-17,1.89,0.00,4.20,0.74,2.67
国立市,2020-04-18,1.43,0.00,3.73,0.27,2.00
国立市,2020-04-19,1.38,0.00,3.75,0.34,2.07
国立市,2020-04-20,1.32,0.00,3.78,0.30,2.04
国立市,2020-04-21,1.26,0.00,3.81,0.26,2.01
国立市,2020-04-22,1.18,0.00,3.83,0.23,1.99
国立市,2020-04-23,1.09,0.00,3.86,0.21,1.98
国立市,2020-04-24,1.00,0.00,3.88,0.27,2.04
国立市,2020-04-25,0.92,0.00,3.91,0.23,2.01
国立市,2020-04-26,0.88,0.00,3.80,0.23,1.96
国立市,2020-04-27,0.56,0.00,3.39,0.09,1.58
国立市,2020-04-28,0.56,0.00,3.42,0.14,1.63
国立市,2020-04-29,0.57,0.00,3.44,0.12,1.62
国立市,2020-04-30,0.58,0.00,3.47,0.11,1.62
国立市,2020-05-01,0.58,0.00,3.50,0.10,1.62
国立市,2020-05-02,0.59,0.00,3.52,0.09,1.62
国立市,2020-05-03,0.59,0.00,3.55,0.15,1.68
国立市,2020-05-04,0.59,0.00,3.57,0.13,1.67
国立市,2020-05-05,0.59,0.00,3.60,0.12,1.67
国立市,2020-05-06,0.59,0.00,3.62,0.11,1.67
国立市,2020-05-07,0.59,0.00,3.65,0.10,1.67
国立市,2020-05-08,0.60,0.00,3.67,0.09,1.67
国立市,2020-05-09,0.60,0.00,3.70,0.09,1.68
国立市,2020-05-10,0.60,0.00,3.72,0.15,1.74
国立市,2020-05-11,0.60,0.00,3.74,0.13,1.73
国立市,2020-05-12,0.60,0.00,3.77,0.12,1.73
国立市,2020-05-13,0.60,0.00,3.79,0.11,1.73
国立市,2020-05-14,0.60,0.00,3.81,0.10,1.73
国立市,2020-05-15,0.60,0.00,3.84,0.09,1.73
墨田区,2020-03-31,3.00,0.86,6.84,1.86,4.27
墨田区,2020-04-01,3.02,0.85,6.91,1.83,4.27
墨田区,2020-04-02,2.91,0.84,6.25,1.83,4.04
墨田区,2020-04-03,2.82,0.84,5.87,1.78,3.85
墨田区,2020-04-04,2.74,0.77,5.55,1.77,3.74
墨田区,2020-04-05,2.67,0.72,5.32,1.71,3.61
墨田区,2020-04-06,2.61,0.60,5.07,1.63,3.48
墨田区,2020-04-07,2.83,0.77,5.31,1.89,3.77
墨田区,2020-04-08,2.94,0.83,5.25,2.01,3.84
墨田区,2020-04-09,2.72,0.72,4.81,1.77,3.47
墨田区,2020-04-10,2.55,0.68,4.54,1.64,3.25
墨田区,2020-04-11,2.42,0.53,4.23,1.60,3.14
墨田区,2020-04-12,2.13,0.29,3.77,1.30,2.78
墨田区,2020-04-13,2.24,0.38,3.90,1.49,2.97
墨田区,2020-04-14,2.31,0.47,3.96,1.52,2.98
墨田区,2020-04-15,2.34,0.53,3.94,1.56,2.98
墨田区,2020-04-16,2.19,0.43,3.69,1.40,2.77
墨田区,2020-04-17,1.92,0.25,3.32,1.12,2.45
墨田区,2020-04-18,1.84,0.17,3.17,1.06,2.37
墨田区,2020-04-19,1.76,0.15,3.08,1.04,2.33
墨田区,2020-04-20,1.69,0.11,2.98,0.94,2.22
墨田区,2020-04-21,1.63,0.11,2.92,0.85,2.12
墨田区,2020-04-22,1.57,0.07,2.83,0.87,2.12
墨田区,2020-04-23,1.65,0.09,2.90,0.88,2.14
墨田区,2020-04-24,1.57,0.07,2.81,0.80,2.04
墨田区,2020-04-25,1.37,0.00,2.58,0.73,1.92
墨田区,2020-04-26,1.32,0.00,2.55,0.54,1.73
墨田区,2020-04-27,1.10,0.00,2.41,0.42,1.55
墨田区,2020-04-28,0.81,0.00,2.29,0.25,1.32
墨田区,2020-04-29,1.38,0.01,2.65,0.64,1.86
墨田区,2020-04-30,1.47,0.04,2.72,0.78,2.00
墨田区,2020-05-01,1.25,0.00,2.50,0.57,1.73
墨田区,2020-05-02,1.21,0.00,2.46,0.57,1.71
墨田区,2020-05-03,0.99,0.00,2.31,0.38,1.46
墨田区,2020-05-04,0.57,0.00,2.10,0.15,1.11
墨田区,2020-05-05,0.48,0.00,2.02,0.11,1.01
墨田区,2020-05-06,0.57,0.00,2.16,0.12,1.10
墨田区,2020-05-07,0.57,0.00,2.18,0.16,1.14
墨田区,2020-05-08,0.58,0.00,2.19,0.12,1.11
墨田区,2020-05-09,0.91,0.00,2.44,0.26,1.39
墨田区,2020-05-10,1.10,0.00,2.53,0.41,1.58
墨田区,2020-05-11,1.07,0.00,2.47,0.47,1.61
墨田区,2020-05-12,0.85,0.00,2.31,0.25,1.32
墨田区,2020-05-13,0.64,0.00,2.18,0.16,1.16
墨田区,2020-05-14,0.46,0.00,1.98,0.09,0.96
墨田区,2020-05-15,0.47,0.00,2.02,0.10,0.98
多摩市,2020-03-31,3.00,0.86,6.84,1.86,4.27
多摩市,2020-04-01,3.02,0.85,6.91,1.83,4.27
多摩市,2020-04-02,3.04,0.80,6.94,1.91,4.37
多摩市,2020-04-03,3.06,0.81,7.02,1.85,4.34
多摩市,2020-04-04,3.08,0.78,7.06,1.96,4.47
多摩市,2020-04-05,3.10,0.71,7.06,1.87,4.41
多摩市,2020-04-06,3.11,0.70,7.11,1.82,4.39
多摩市,2020-04-07,3.13,0.64,7.11,1.87,4.46
多摩市,2020-04-08,3.15,0.55,7.08,1.96,4.57
多摩市,2020-04-09,3.16,0.51,7.09,1.86,4.50
多摩市,2020-04-10,3.02,0.51,6.36,1.84,4.23
多摩市,2020-04-11,3.31,0.76,6.56,2.07,4.46
多摩市,2020-04-12,3.03,0.66,5.77,1.92,4.04
多摩市,2020-04-13,2.83,0.50,5.21,1.82,3.78
多摩市,2020-04-14,2.67,0.47,4.89,1.64,3.50
多摩市,2020-04-15,2.54,0.36,4.57,1.57,3.35
多摩市,2020-04-16,2.42,0.29,4.33,1.52,3.24
多摩市,2020-04-17,2.32,0.22,4.12,1.38,3.06
多摩市,2020-04-18,2.23,0.26,4.03,1.34,2.98
多摩市,2020-04-19,1.94,0.05,3.56,0.99,2.58
多摩市,2020-04-20,1.90,0.06,3.54,0.95,2.54
多摩市,2020-04-21,1.86,0.01,3.47,0.91,2.50
多摩市,2020-04-22,1.82,0.02,3.45,0.85,2.44
多摩市,2020-04-23,2.02,0.11,3.69,1.11,2.73
多摩市,2020-04-24,1.94,0.08,3.57,1.07,2.66
多摩市,2020-04-25,1.87,0.06,3.47,0.92,2.49
多摩市,2020-04-26,1.56,0.00,3.17,0.57,2.07
多摩市,2020-04-27,1.52,0.00,3.15,0.59,2.08
多摩市,2020-04-28,1.12,0.00,2.96,0.32,1.71
多摩市,2020-04-29,1.04,0.00,2.99,0.29,1.69
多摩市,2020-04-30,0.92,0.00,3.03,0.26,1.67
多摩市,2020-05-01,0.83,0.00,3.06,0.24,1.66
多摩市,2020-05-02,0.77,0.00,3.09,0.22,1.65
多摩市,2020-05-03,0.74,0.00,3.12,0.20,1.64
多摩市,2020-05-04,0.72,0.00,3.15,0.18,1.63
多摩市,2020-05-05,0.70,0.00,3.18,0.16,1.62
多摩市,2020-05-06,0.68,0.00,3.21,0.24,1.70
多摩市,2020-05-07,0.67,0.00,3.24,0.21,1.68
多摩市,2020-05-08,0.66,0.00,3.27,0.18,1.66
多摩市,2020-05-09,0.66,0.00,3.30,0.16,1.65
多摩市,2020-05-10,0.65,0.00,3.33,0.15,1.65
多摩市,2020-05-11,0.64,0.00,3.36,0.13,1.64
多摩市,2020-05-12,1.15,0.00,3.58,0.27,1.93
多摩市,2020-05-13,1.11,0.00,3.44,0.30,1.89
多摩市,2020-05-14,1.08,0.00,3.32,0.24,1.78
多摩市,2020-05-15,1.04,0.00,3.22,0.25,1.74
大田区,2020-03-31,3.00,0.86,6.84,1.86,4.27
大田区,2020-04-01,3.31,1.03,6.93,2.07,4.51
大田区,2020-04-02,3.41,1.16,6.46,2.30,4.52
大田区,2020-04-03,3.34,1.19,5.88,2.29,4.26
大田区,2020-04-04,3.20,1.20,5.38,2.26,4.01
大田区,2020-04-05,3.03,1.17,4.95,2.13,3.71
大田区,2020-04-06,2.69,0.98,4.41,1.95,3.37
大田区,2020-04-07,2.32,0.75,3.93,1.59,2.91
大田区,2020-04-08,2.19,0.62,3.70,1.46,2.74
大田区,2020-04-09,1.96,0.42,3.38,1.27,2.51
大田区,2020-04-10,1.89,0.34,3.26,1.23,2.46
大田区,2020-04-11,1.82,0.28,3.16,1.11,2.34
大田区,2020-04-12,1.76,0.23,3.07,1.11,2.33
大田区,2020-04-13,1.58,0.12,2.84,0.88,2.09
大田区,2020-04-14,1.54,0.06,2.77,0.80,2.02
大田区,2020-04-15,1.50,0.05,2.74,0.79,2.01
大田区,2020-04-16,1.60,0.13,2.89,0.88,2.12
大田区,2020-04-17,1.54,0.07,2.79,0.83,2.06
大田区,2020-04-18,1.62,0.10,2.87,0.88,2.12
大田区,2020-04-19,1.55,0.11,2.81,0.83,2.05
大田区,2020-04-20,1.49,0.04,2.69,0.80,2.00
大田区,2020-04-21,1.68,0.20,2.95,1.00,2.21
大田区,2020-04-22,1.71,0.19,2.92,1.00,2.19
大田区,2020-04-23,1.61,0.22,2.84,0.98,2.13
大田区,2020-04-24,1.52,0.14,2.68,0.83,1.96
大田区,2020-04-25,1.23,0.03,2.35,0.61,1.68
大田区,2020-04-26,0.91,0.00,2.12,0.28,1.28
大田区,2020-04-27,0.65,0.00,2.04,0.18,1.13
大田区,2020-04-28,0.52,0.00,1.97,0.11,1.01
大田区,2020-04-29,0.79,0.00,2.19,0.31,1.32
大田区,2020-04-30,1.28,0.03,2.51,0.58,1.72
大田区,2020-05-01,1.49,0.10,2.68,0.86,2.01
大田区,2020-05-02,1.52,0.17,2.71,0.83,1.96
大田区,2020-05-03,1.43,0.13,2.57,0.77,1.86
大田区,2020-05-04,1.04,0.00,2.15,0.41,1.41
大田区,2020-05-05,0.71,0.00,1.97,0.18,1.10
大田区,2020-05-06,0.42,0.00,1.75,0.05,0.83
大田区,2020-05-07,0.40,0.00,1.71,0.06,0.80
大田区,2020-05-08,0.52,0.00,1.92,0.11,0.97
大田区,2020-05-09,0.87,0.00,2.23,0.33,1.35
大田区,2020-05-10,1.17,0.00,2.39,0.54,1.63
大田区,2020-05-11,1.13,0.00,2.32,0.55,1.61
大田区,2020-05-12,0.98,0.00,2.18,0.35,1.36
大田区,2020-05-13,0.66,0.00,1.98,0.21,1.12
大田区,2020-05-14,0.54,0.00,1.90,0.18,1.04
大田区,2020-05-15,0.39,0.00,1.69,0.03,0.76
小平市,2020-03-31,3.00,0.86,6.84,1.86,4.27
小平市,2020-04-01,3.02,0.85,6.91,1.83,4.27
小平市,2020-04-02,2.57,0.65,5.59,1.54,3.55
小平市,2020-04-03,2.59,0.63,5.65,1.54,3.58
小平市,2020-04-04,2.27,0.41,4.84,1.31,3.12
小平市,2020-04-05,2.29,0.36,4.86,1.34,3.18
小平市,2020-04-06,2.31,0.31,4.87,1.36,3.23
小平市,2020-04-07,2.32,0.28,4.89,1.37,3.27
小平市,2020-04-08,2.34,0.22,4.88,1.39,3.32
小平市,2020-04-09,2.00,0.06,4.08,1.05,2.78
小平市,2020-04-10,1.75,0.00,3.66,0.86,2.49
小平市,2020-04-11,1.75,0.00,3.69,0.81,2.47
小平市,2020-04-12,1.75,0.00,3.72,0.74,2.43
小平市,2020-04-13,1.75,0.00,3.75,0.76,2.47
小平市,2020-04-14,1.74,0.00,3.78,0.78,2.51
小平市,2020-04-15,1.74,0.00,3.81,0.62,2.38
小平市,2020-04-16,1.31,0.00,3.37,0.38,1.94
小平市,2020-04-17,0.62,0.00,3.08,0.15,1.55
小平市,2020-04-18,0.61,0.00,3.11,0.13,1.54
小平市,2020-04-19,0.51,0.00,2.81,0.10,1.33
小平市,2020-04-20,0.53,0.00,2.80,0.13,1.35
小平市,2020-04-21,0.47,0.00,2.60,0.04,1.14
小平市,2020-04-22,0.48,0.00,2.63,0.06,1.17
小平市,2020-04-23,0.44,0.00,2.44,0.05,1.05
小平市,2020-04-24,0.46,0.00,2.47,0.03,1.05
小平市,2020-04-25,0.47,0.00,2.47,0.08,1.10
小平市,2020-04-26,0.43,0.00,2.30,0.08,1.01
小平市,2020-04-27,0.45,0.00,2.34,0.06,1.01
小平市,2020-04-28,0.46,0.00,2.37,0.04,1.01
小平市,2020-04-29,0.47,0.00,2.41,0.09,1.07
小平市,2020-04-30,0.48,0.00,2.44,0.07,1.07
小平市,2020-05-01,0.48,0.00,2.48,0.05,1.07
小平市,2020-05-02,0.49,0.00,2.51,0.08,1.11
小平市,2020-05-03,0.49,0.00,2.55,0.06,1.11
小平市,2020-05-04,0.50,0.00,2.58,0.09,1.15
小平市,2020-05-05,0.50,0.00,2.61,0.06,1.14
小平市,2020-05-06,0.51,0.00,2.65,0.09,1.18
小平市,2020-05-07,0.51,0.00,2.68,0.06,1.17
小平市,2020-05-08,0.51,0.00,2.71,0.08,1.20
小平市,2020-05-09,0.52,0.00,2.74,0.12,1.25
小平市,2020-05-10,0.52,0.00,2.77,0.07,1.22
小平市,2020-05-11,0.52,0.00,2.81,0.09,1.25
小平市,2020-05-12,0.52,0.00,2.84,0.13,1.30
小平市,2020-05-13,0.53,0.00,2.87,0.07,1.26
小平市,2020-05-14,0.42,0.00,2.37,0.03,0.98
小平市,2020-05-15,0.44,0.00,2.41,0.08,1.04
小金井市,2020-03-31,3.00,0.86,6.84,1.86,4.27
小金井市,2020-04-01,3.02,0.85,6.91,1.83,4.27
小金井市,2020-04-02,2.57,0.65,5.59,1.54,3.55
小金井市,2020-04-03,2.59,0.63,5.65,1.54,3.58
小金井市,2020-04-04,2.61,0.57,5.67,1.54,3.61
小金井市,2020-04-05,2.63,0.52,5.69,1.54,3.64
小金井市,2020-04-06,2.29,0.30,4.84,1.41,3.27
小金井市,2020-04-07,2.30,0.26,4.85,1.30,3.20
小金井市,2020-04-08,2.26,0.23,4.65,1.27,3.12
小金井市,2020-04-09,1.98,0.09,4.09,1.02,2.75
小金井市,2020-04-10,1.99,0.04,4.08,1.01,2.77
小金井市,2020-04-11,1.21,0.00,3.04,0.38,1.78
小金井市,2020-04-12,1.16,0.00,3.07,0.23,1.65
小金井市,2020-04-13,1.09,0.00,3.10,0.22,1.65
小金井市,2020-04-14,0.98,0.00,3.14,0.21,1.65
小金井市,2020-04-15,0.88,0.00,3.17,0.19,1.64
小金井市,2020-04-16,0.80,0.00,3.20,0.18,1.64
小金井市,2020-04-17,0.76,0.00,3.23,0.27,1.73
小金井市,2020-04-18,0.55,0.00,2.95,0.11,1.41
小金井市,2020-04-19,0.55,0.00,2.99,0.10,1.41
小金井市,2020-04-20,0.48,0.00,2.74,0.07,1.23
小金井市,2020-04-21,0.49,0.00,2.77,0.08,1.25
小金井市,2020-04-22,0.50,0.00,2.80,0.10,1.28
小金井市,2020-04-23,0.51,0.00,2.83,0.12,1.31
小金井市,2020-04-24,0.52,0.00,2.81,0.09,1.28
小金井市,2020-04-25,0.53,0.00,2.80,0.08,1.27
小金井市,2020-04-26,0.54,0.00,2.78,0.14,1.32
小金井市,2020-04-27,0.48,0.00,2.57,0.04,1.11
小金井市,2020-04-28,0.48,0.00,2.60,0.06,1.14
小金井市,2020-04-29,0.49,0.00,2.63,0.09,1.18
小金井市,2020-04-30,0.50,0.00,2.66,0.05,1.16
小金井市,2020-05-01,0.51,0.00,2.70,0.08,1.20
小金井市,2020-05-02,0.51,0.00,2.73,0.11,1.24
小金井市,2020-05-03,0.51,0.00,2.76,0.06,1.21
小金井市,2020-05-04,0.52,0.00,2.79,0.08,1.24
小金井市,2020-05-05,0.52,0.00,2.82,0.11,1.28
小金井市,2020-05-06,0.52,0.00,2.85,0.06,1.25
小金井市,2020-05-07,0.53,0.00,2.88,0.08,1.28
小金井市,2020-05-08,0.53,0.00,2.91,0.10,1.31
小金井市,2020-05-09,0.53,0.00,2.94,0.13,1.35
小金井市,2020-05-10,0.47,0.00,2.67,0.05,1.14
小金井市,2020-05-11,0.48,0.00,2.70,0.08,1.18
小金井市,2020-05-12,0.40,0.00,2.26,0.03,0.92
小金井市,2020-05-13,0.42,0.00,2.29,0.03,0.94
小金井市,2020-05-14,0.44,0.00,2.33,0.03,0.96
小金井市,2020-05-15,0.45,0.00,2.36,0.09,1.03
府中市,2020-03-31,3.00,0.86,6.84,1.86,4.27
府中市,2020-04-01,3.02,0.85,6.91,1.83,4.27
府中市,2020-04-02,3.04,0.80,6.94,1.91,4.37
府中市,2020-04-03,3.06,0.81,7.02,1.85,4.34
府中市,2020-04-04,3.08,0.78,7.06,1.96,4.47
府中市,2020-04-05,3.10,0.71,7.06,1.87,4.41
府中市,2020-04-06,3.11,0.70,7.11,1.82,4.39
府中市,2020-04-07,2.98,0.60,6.32,1.79,4.12
府中市,2020-04-08,2.87,0.54,5.85,1.75,3.93
府中市,2020-04-09,3.14,0.76,6.08,1.97,4.17
府中市,2020-04-10,2.91,0.72,5.53,1.83,3.83
府中市,2020-04-11,2.74,0.59,5.08,1.74,3.61
府中市,2020-04-12,2.61,0.49,4.75,1.67,3.45
府中市,2020-04-13,2.73,0.63,4.83,1.76,3.51
府中市,2020-04-14,2.33,0.30,4.15,1.50,3.13
府中市,2020-04-15,2.46,0.46,4.31,1.57,3.19
府中市,2020-04-16,2.32,0.35,4.04,1.53,3.09
府中市,2020-04-17,2.21,0.31,3.86,1.37,2.89
府中市,2020-04-18,2.11,0.22,3.66,1.24,2.73
府中市,2020-04-19,1.84,0.08,3.30,1.06,2.50
府中市,2020-04-20,1.60,0.00,3.04,0.75,2.16
府中市,2020-04-21,1.77,0.06,3.24,0.93,2.38
府中市,2020-04-22,1.71,0.02,3.16,0.88,2.32
府中市,2020-04-23,1.85,0.10,3.33,0.99,2.45
府中市,2020-04-24,1.77,0.05,3.20,0.95,2.38
府中市,2020-04-25,1.70,0.06,3.13,0.84,2.25
府中市,2020-04-26,1.44,0.00,2.87,0.58,1.93
府中市,2020-04-27,1.39,0.00,2.84,0.54,1.88
府中市,2020-04-28,1.34,0.00,2.82,0.49,1.82
府中市,2020-04-29,1.29,0.00,2.80,0.44,1.76
府中市,2020-04-30,1.47,0.00,2.92,0.58,1.95
府中市,2020-05-01,1.61,0.05,3.04,0.79,2.17
府中市,2020-05-02,1.53,0.03,2.93,0.78,2.12
府中市,2020-05-03,1.26,0.00,2.69,0.44,1.71
府中市,2020-05-04,0.97,0.00,2.53,0.35,1.53
府中市,2020-05-05,0.50,0.00,2.27,0.10,1.12
府中市,2020-05-06,0.50,0.00,2.31,0.10,1.13
府中市,2020-05-07,0.51,0.00,2.35,0.11,1.15
府中市,2020-05-08,0.52,0.00,2.39,0.12,1.17
府中市,2020-05-09,0.52,0.00,2.43,0.15,1.21
府中市,2020-05-10,0.53,0.00,2.47,0.09,1.17
府中市,2020-05-11,0.53,0.00,2.50,0.10,1.19
府中市,2020-05-12,0.53,0.00,2.54,0.12,1.22
府中市,2020-05-13,0.54,0.00,2.54,0.15,1.25
府中市,2020-05-14,0.54,0.00,2.55,0.10,1.21
府中市,2020-05-15,0.55,0.00,2.55,0.12,1.23
文京区,2020-03-31,3.00,0.86,6.84,1.86,4.27
文京区,2020-04-01,3.02,0.85,6.91,1.83,4.27
文京区,2020-04-02,3.04,0.80,6.94,1.91,4.37
文京区,2020-04-03,2.92,0.79,6.27,1.77,4.01
文京区,2020-04-04,2.83,0.72,5.82,1.81,3.90
文京区,2020-04-05,2.75,0.69,5.53,1.80,3.79
文京区,2020-04-06,2.68,0.60,5.26,1.72,3.64
文京区,2020-04-07,2.91,0.78,5.50,1.85,3.81
文京区,2020-04-08,2.74,0.67,5.08,1.76,3.59
文京区,2020-04-09,2.86,0.79,5.10,1.88,3.67
文京区,2020-04-10,2.66,0.70,4.72,1.76,3.43
文京区,2020-04-11,2.31,0.38,4.11,1.42,2.99
文京区,2020-04-12,2.23,0.36,4.00,1.41,2.95
文京区,2020-04-13,1.98,0.16,3.60,1.16,2.66
文京区,2020-04-14,2.33,0.39,4.06,1.46,3.01
文京区,2020-04-15,2.22,0.31,3.85,1.35,2.86
文京区,2020-04-16,2.29,0.44,3.95,1.49,2.97
文京区,2020-04-17,2.16,0.34,3.71,1.31,2.75
文京区,2020-04-18,1.89,0.15,3.31,1.09,2.48
文京区,2020-04-19,1.82,0.15,3.24,0.99,2.37
文京区,2020-04-20,1.59,0.02,2.94,0.82,2.16
文京区,2020-04-21,1.55,0.00,2.90,0.77,2.11
文京区,2020-04-22,1.50,0.05,2.92,0.69,2.03
文京区,2020-04-23,1.46,0.01,2.86,0.59,1.93
文京区,2020-04-24,1.41,0.00,2.83,0.58,1.91
文京区,2020-04-25,1.36,0.00,2.81,0.57,1.89
文京区,2020-04-26,1.05,0.00,2.65,0.26,1.51
文京区,2020-04-27,0.99,0.00,2.66,0.24,1.49
文京区,2020-04-28,0.92,0.00,2.67,0.23,1.48
文京区,2020-04-29,0.59,0.00,2.53,0.17,1.32
文京区,2020-04-30,0.58,0.00,2.57,0.16,1.32
文京区,2020-05-01,0.58,0.00,2.58,0.15,1.31
文京区,2020-05-02,0.79,0.00,2.75,0.24,1.50
文京区,2020-05-03,1.12,0.00,2.88,0.37,1.71
文京区,2020-05-04,1.09,0.00,2.81,0.32,1.63
文京区,2020-05-05,1.06,0.00,2.75,0.32,1.60
文京区,2020-05-06,1.03,0.00,2.70,0.35,1.60
文京区,2020-05-07,0.70,0.00,2.51,0.18,1.33
文京区,2020-05-08,0.54,0.00,2.36,0.10,1.16
文京区,2020-05-09,0.67,0.00,2.52,0.17,1.32
文京区,2020-05-10,0.67,0.00,2.51,0.19,1.33
文京区,2020-05-11,0.92,0.00,2.65,0.27,1.49
文京区,2020-05-12,0.90,0.00,2.60,0.27,1.47
文京区,2020-05-13,0.65,0.00,2.43,0.19,1.29
文京区,2020-05-14,0.53,0.00,2.29,0.10,1.12
文京区,2020-05-15,0.46,0.00,2.19,0.11,1.05
新宿区,2020-03-31,3.00,0.86,6.84,1.86,4.27
新宿区,2020-04-01,2.62,0.84,5.17,1.75,3.55
新宿区,2020-04-02,2.63,0.90,4.84,1.75,3.40
新宿区,2020-04-03,2.58,0.88,4.50,1.78,3.29
新宿区,2020-04-04,2.67,0.99,4.40,1.88,3.30
新宿区,2020-04-05,2.51,0.97,4.09,1.76,3.06
新宿区,2020-04-06,2.38,0.91,3.82,1.75,2.95
新宿区,2020-04-07,2.37,0.98,3.73,1.69,2.83
新宿区,2020-04-08,2.22,0.87,3.47,1.62,2.69
新宿区,2020-04-09,2.19,0.88,3.36,1.60,2.62
新宿区,2020-04-10,2.13,0.92,3.28,1.59,2.56
新宿区,2020-04-11,1.93,0.72,2.99,1.41,2.34
新宿区,2020-04-12,1.65,0.46,2.66,1.12,2.03
新宿区,2020-04-13,1.49,0.33,2.48,0.98,1.88
新宿区,2020-04-14,1.29,0.17,2.24,0.74,1.64
新宿区,2020-04-15,1.18,0.08,2.10,0.62,1.52
新宿区,2020-04-16,1.08,0.04,2.00,0.55,1.44
新宿区,2020-04-17,1.13,0.07,2.08,0.58,1.49
新宿区,2020-04-18,1.09,0.04,2.04,0.54,1.45
新宿区,2020-04-19,1.06,0.01,2.00,0.49,1.40
新宿区,2020-04-20,0.84,0.00,1.85,0.35,1.21
新宿区,2020-04-21,0.82,0.00,1.86,0.37,1.23
新宿区,2020-04-22,0.69,0.00,1.80,0.20,1.04
新宿区,2020-04-23,0.59,0.00,1.75,0.24,1.04
新宿区,2020-04-24,0.52,0.00,1.71,0.11,0.89
新宿区,2020-04-25,0.53,0.00,1.74,0.12,0.91
新宿区,2020-04-26,0.54,0.00,1.76,0.13,0.93
新宿区,2020-04-27,0.49,0.00,1.72,0.11,0.88
新宿区,2020-04-28,0.45,0.00,1.68,0.10,0.84
新宿区,2020-04-29,0.52,0.00,1.79,0.12,0.92
新宿区,2020-04-30,0.53,0.00,1.81,0.14,0.95
新宿区,2020-05-01,0.62,0.00,1.91,0.22,1.08
新宿区,2020-05-02,0.74,0.00,2.00,0.26,1.17
新宿区,2020-05-03,0.86,0.00,2.07,0.32,1.27
新宿区,2020-05-04,0.74,0.00,1.97,0.28,1.18
新宿区,2020-05-05,0.73,0.00,1.96,0.26,1.16
新宿区,2020-05-06,0.61,0.00,1.88,0.18,1.04
新宿区,2020-05-07,0.53,0.00,1.82,0.14,0.96
新宿区,2020-05-08,0.54,0.00,1.84,0.13,0.96
新宿区,2020-05-09,0.63,0.00,1.94,0.20,1.08
新宿区,2020-05-10,0.64,0.00,1.94,0.24,1.12
新宿区,2020-05-11,0.77,0.00,2.03,0.26,1.19
新宿区,2020-05-12,0.77,0.00,2.02,0.23,1.16
新宿区,2020-05-13,0.64,0.00,1.93,0.20,1.08
新宿区,2020-05-14,0.55,0.00,1.85,0.14,0.98
新宿区,2020-05-15,0.44,0.00,1.72,0.06,0.82
日野市,2020-03-31,3.00,0.86,6.84,1.86,4.27
日野市,2020-04-01,3.02,0.85,6.91,1.83,4.27
日野市,2020-04-02,2.57,0.65,5.59,1.54,3.55
日野市,2020-04-03,2.59,0.63,5.65,1.54,3.58
日野市,2020-04-04,2.61,0.57,5.67,1.54,3.61
日野市,2020-04-05,2.01,0.22,4.24,1.15,2.81
日野市,2020-04-06,2.03,0.19,4.26,1.11,2.81
日野市,2020-04-07,1.60,0.00,3.39,0.75,2.24
日野市,2020-04-08,1.61,0.01,3.43,0.75,2.27
日野市,2020-04-09,1.61,0.00,3.46,0.72,2.27
日野市,2020-04-10,1.59,0.00,3.41,0.77,2.31
日野市,2020-04-11,1.56,0.00,3.37,0.63,2.17
日野市,2020-04-12,1.28,0.00,3.11,0.36,1.80
日野市,2020-04-13,1.24,0.00,3.14,0.39,1.84
日野市,2020-04-14,0.67,0.00,2.91,0.19,1.51
日野市,2020-04-15,0.64,0.00,2.94,0.17,1.50
日野市,2020-04-16,0.63,0.00,2.97,0.15,1.49
日野市,2020-04-17,0.63,0.00,3.01,0.14,1.49
日野市,2020-04-18,0.51,0.00,2.77,0.13,1.33
日野市,2020-04-19,0.52,0.00,2.80,0.12,1.33
日野市,2020-04-20,0.53,0.00,2.84,0.13,1.35
日野市,2020-04-21,0.66,0.00,3.04,0.20,1.55
日野市,2020-04-22,0.47,0.00,2.56,0.06,1.14
日野市,2020-04-23,0.48,0.00,2.60,0.07,1.16
日野市,2020-04-24,0.49,0.00,2.63,0.10,1.20
日野市,2020-04-25,0.50,0.00,2.66,0.06,1.18
日野市,2020-04-26,0.45,0.00,2.46,0.04,1.05
日野市,2020-04-27,0.46,0.00,2.49,0.08,1.10
日野市,2020-04-28,0.47,0.00,2.53,0.05,1.09
日野市,2020-04-29,0.44,0.00,2.34,0.02,0.97
日野市,2020-04-30,0.45,0.00,2.38,0.06,1.02
日野市,2020-05-01,0.46,0.00,2.41,0.05,1.03
日野市,2020-05-02,0.47,0.00,2.45,0.10,1.09
日野市,2020-05-03,0.48,0.00,2.48,0.07,1.08
日野市,2020-05-04,0.48,0.00,2.51,0.05,1.08
日野市,2020-05-05,0.49,0.00,2.55,0.09,1.13
日野市,2020-05-06,0.49,0.00,2.58,0.06,1.12
日野市,2020-05-07,0.50,0.00,2.62,0.09,1.16
日野市,2020-05-08,0.50,0.00,2.65,0.06,1.15
日野市,2020-05-09,0.45,0.00,2.43,0.10,1.08
日野市,2020-05-10,0.46,0.00,2.47,0.06,1.06
日野市,2020-05-11,0.47,0.00,2.50,0.04,1.06
日野市,2020-05-12,0.48,0.00,2.54,0.08,1.11
日野市,2020-05-13,0.49,0.00,2.57,0.05,1.10
日野市,2020-05-14,0.44,0.00,2.37,0.07,1.02
日野市,2020-05-15,0.45,0.00,2.40,0.05,1.02
昭島市,2020-03-31,3.00,0.86,6.84,1.86,4.27
昭島市,2020-04-01,3.02,0.85,6.91,1.83,4.27
昭島市,2020-04-02,3.04,0.80,6.94,1.91,4.37
昭島市,2020-04-03,3.06,0.81,7.02,1.85,4.34
昭島市,2020-04-04,2.59,0.57,5.65,1.56,3.62
昭島市,2020-04-05,2.61,0.52,5.67,1.56,3.65
昭島市,2020-04-06,2.27,0.33,4.85,1.33,3.19
昭島市,2020-04-07,2.28,0.30,4.87,1.34,3.23
昭島市,2020-04-08,2.00,0.09,4.19,1.05,2.80
昭島市,2020-04-09,2.01,0.12,4.25,1.05,2.83
昭島市,2020-04-10,2.02,0.04,4.21,1.04,2.85
昭島市,2020-04-11,2.03,0.03,4.23,1.01,2.85
昭島市,2020-04-12,2.04,0.02,4.25,0.98,2.85
昭島市,2020-04-13,2.04,0.00,4.26,1.03,2.92
昭島市,2020-04-14,2.05,0.00,4.29,0.95,2.87
昭島市,2020-04-15,2.05,0.02,4.33,0.98,2.92
昭島市,2020-04-16,2.05,0.00,4.34,0.88,2.85
昭島市,2020-04-17,2.05,0.00,4.37,0.87,2.86
昭島市,2020-04-18,2.04,0.00,4.39,0.85,2.86
昭島市,2020-04-19,1.55,0.00,3.76,0.47,2.22
昭島市,2020-04-20,0.65,0.00,3.39,0.15,1.70
昭島市,2020-04-21,0.63,0.00,3.42,0.19,1.74
昭島市,2020-04-22,0.64,0.00,3.45,0.16,1.72
昭島市,2020-04-23,0.64,0.00,3.47,0.14,1.71
昭島市,2020-04-24,0.64,0.00,3.50,0.19,1.76
昭島市,2020-04-25,0.64,0.00,3.53,0.16,1.74
昭島市,2020-04-26,0.52,0.00,3.17,0.06,1.43
昭島市,2020-04-27,0.53,0.00,3.20,0.13,1.50
昭島市,2020-04-28,0.54,0.00,3.23,0.12,1.50
昭島市,2020-04-29,0.55,0.00,3.26,0.11,1.50
昭島市,2020-04-30,0.55,0.00,3.28,0.11,1.51
昭島市,2020-05-01,0.56,0.00,3.31,0.10,1.51
昭島市,2020-05-02,0.49,0.00,2.97,0.03,1.26
昭島市,2020-05-03,0.50,0.00,3.00,0.04,1.28
昭島市,2020-05-04,0.51,0.00,3.03,0.05,1.30
昭島市,2020-05-05,0.46,0.00,2.74,0.03,1.13
昭島市,2020-05-06,0.47,0.00,2.77,0.06,1.17
昭島市,2020-05-07,0.48,0.00,2.80,0.03,1.16
昭島市,2020-05-08,0.49,0.00,2.83,0.06,1.20
昭島市,2020-05-09,0.50,0.00,2.85,0.10,1.25
昭島市,2020-05-10,0.50,0.00,2.88,0.06,1.23
昭島市,2020-05-11,0.51,0.00,2.91,0.08,1.26
昭島市,2020-05-12,0.51,0.00,2.94,0.05,1.25
昭島市,2020-05-13,0.52,0.00,2.97,0.07,1.28
昭島市,2020-05-14,0.52,0.00,3.00,0.09,1.31
昭島市,2020-05-15,0.52,0.00,3.03,0.14,1.37
杉並区,2020-03-31,3.00,0.86,6.84,1.86,4.27
杉並区,2020-04-01,2.79,0.87,5.76,1.80,3.82
杉並区,2020-04-02,2.93,0.96,5.63,1.92,3.87
杉並区,2020-04-03,3.24,1.19,5.67,2.25,4.13
杉並区,2020-04-04,3.04,1.15,5.09,2.13,3.78
杉並区,2020-04-05,2.86,1.14,4.69,2.04,3.52
杉並区,2020-04-06,2.70,1.04,4.31,2.01,3.36
杉並区,2020-04-07,2.30,0.76,3.77,1.56,2.81
杉並区,2020-04-08,2.03,0.53,3.40,1.36,2.55
杉並区,2020-04-09,1.93,0.47,3.27,1.25,2.42
杉並区,2020-04-10,1.73,0.26,2.97,1.07,2.22
杉並区,2020-04-11,1.57,0.18,2.79,0.91,2.05
杉並区,2020-04-12,1.64,0.21,2.87,0.94,2.10
杉並区,2020-04-13,1.69,0.21,2.90,1.01,2.17
杉並区,2020-04-14,1.62,0.20,2.83,0.93,2.08
杉並区,2020-04-15,1.66,0.22,2.86,1.03,2.17
杉並区,2020-04-16,1.58,0.15,2.73,0.90,2.03
杉並区,2020-04-17,1.52,0.13,2.65,0.89,2.00
杉並区,2020-04-18,1.45,0.09,2.56,0.80,1.90
杉並区,2020-04-19,1.39,0.08,2.50,0.74,1.83
杉並区,2020-04-20,1.23,0.04,2.34,0.59,1.65
杉並区,2020-04-21,1.06,0.00,2.20,0.40,1.43
杉並区,2020-04-22,0.86,0.00,2.11,0.25,1.24
杉並区,2020-04-23,0.99,0.00,2.20,0.34,1.37
杉並区,2020-04-24,0.95,0.00,2.19,0.37,1.39
杉並区,2020-04-25,0.74,0.00,2.09,0.24,1.21
杉並区,2020-04-26,0.72,0.00,2.10,0.22,1.19
杉並区,2020-04-27,0.58,0.00,2.01,0.14,1.06
杉並区,2020-04-28,0.50,0.00,1.94,0.09,0.96
杉並区,2020-04-29,0.58,0.00,2.07,0.18,1.11
杉並区,2020-04-30,0.71,0.00,2.18,0.29,1.28
杉並区,2020-05-01,0.71,0.00,2.17,0.25,1.24
杉並区,2020-05-02,1.04,0.00,2.38,0.36,1.46
杉並区,2020-05-03,1.17,0.00,2.43,0.47,1.59
杉並区,2020-05-04,0.99,0.00,2.27,0.37,1.42
杉並区,2020-05-05,0.80,0.00,2.14,0.25,1.24
杉並区,2020-05-06,0.52,0.00,1.95,0.13,1.01
杉並区,2020-05-07,0.42,0.00,1.80,0.06,0.84
杉並区,2020-05-08,0.43,0.00,1.84,0.12,0.91
杉並区,2020-05-09,0.45,0.00,1.88,0.08,0.89
杉並区,2020-05-10,0.69,0.00,2.23,0.28,1.28
杉並区,2020-05-11,1.03,0.00,2.44,0.37,1.49
杉並区,2020-05-12,1.01,0.00,2.38,0.42,1.51
杉並区,2020-05-13,0.84,0.00,2.22,0.30,1.32
杉並区,2020-05-14,0.66,0.00,2.10,0.19,1.15
杉並区,2020-05-15,0.38,0.00,1.74,0.07,0.81
東久留米市,2020-03-31,3.00,0.86,6.84,1.86,4.27
東久留米市,2020-04-01,3.02,0.85,6.91,1.83,4.27
東久留米市,2020-04-02,3.04,0.80,6.94,1.91,4.37
東久留米市,2020-04-03,3.06,0.81,7.02,1.85,4.34
東久留米市,2020-04-04,2.59,0.57,5.65,1.56,3.62
東久留米市,2020-04-05,2.61,0.52,5.67,1.56,3.65
東久留米市,2020-04-06,2.63,0.53,5.74,1.55,3.67
東久留米市,2020-04-07,2.64,0.44,5.71,1.53,3.68
東久留米市,2020-04-08,2.66,0.43,5.75,1.52,3.70
東久留米市,2020-04-09,2.67,0.33,5.70,1.60,3.80
東久留米市,2020-04-10,2.69,0.31,5.72,1.55,3.78
東久留米市,2020-04-11,2.29,0.11,4.78,1.32,3.31
東久留米市,2020-04-12,2.30,0.09,4.79,1.26,3.28
東久留米市,2020-04-13,1.91,0.00,4.00,0.90,2.70
東久留米市,2020-04-14,1.87,0.00,3.90,0.90,2.67
東久留米市,2020-04-15,2.68,0.36,4.98,1.59,3.55
東久留米市,2020-04-16,1.40,0.00,3.24,0.45,1.97
東久留米市,2020-04-17,1.37,0.00,3.28,0.32,1.86
東久留米市,2020-04-18,1.33,0.00,3.31,0.31,1.86
東久留米市,2020-04-19,1.29,0.00,3.34,0.29,1.85
東久留米市,2020-04-20,0.61,0.00,3.07,0.20,1.59
東久留米市,2020-04-21,0.60,0.00,3.10,0.16,1.56
東久留米市,2020-04-22,0.61,0.00,3.13,0.14,1.55
東久留米市,2020-04-23,0.61,0.00,3.16,0.12,1.54
東久留米市,2020-04-24,0.61,0.00,3.19,0.20,1.62
東久留米市,2020-04-25,0.61,0.00,3.22,0.17,1.60
東久留米市,2020-04-26,0.61,0.00,3.25,0.15,1.59
東久留米市,2020-04-27,0.61,0.00,3.28,0.14,1.59
東久留米市,2020-04-28,0.61,0.00,3.30,0.13,1.59
東久留米市,2020-04-29,0.61,0.00,3.33,0.12,1.59
東久留米市,2020-04-30,0.61,0.00,3.36,0.11,1.59
東久留米市,2020-05-01,0.61,0.00,3.39,0.20,1.68
東久留米市,2020-05-02,0.61,0.00,3.41,0.17,1.66
東久留米市,2020-05-03,0.60,0.00,3.44,0.15,1.65
東久留米市,2020-05-04,0.60,0.00,3.47,0.14,1.65
東久留米市,2020-05-05,0.60,0.00,3.49,0.13,1.65
東久留米市,2020-05-06,0.60,0.00,3.52,0.12,1.65
東久留米市,2020-05-07,0.60,0.00,3.55,0.11,1.65
東久留米市,2020-05-08,0.60,0.00,3.57,0.10,1.65
東久留米市,2020-05-09,0.60,0.00,3.60,0.18,1.73
東久留米市,2020-05-10,0.60,0.00,3.62,0.15,1.71
東久留米市,2020-05-11,0.60,0.00,3.65,0.14,1.71
東久留米市,2020-05-12,0.60,0.00,3.67,0.12,1.70
東久留米市,2020-05-13,0.60,0.00,3.69,0.11,1.70
東久留米市,2020-05-14,0.40,0.00,2.60,0.00,1.02
東久留米市,2020-05-15,0.43,0.00,2.62,0.04,1.07
東大和市,2020-03-31,3.00,0.86,6.84,1.86,4.27
東大和市,2020-04-01,3.02,0.85,6.91,1.83,4.27
東大和市,2020-04-02,3.04,0.80,6.94,1.91,4.37
東大和市,2020-04-03,3.06,0.81,7.02,1.85,4.34
東大和市,2020-04-04,3.08,0.78,7.06,1.96,4.47
東大和市,2020-04-05,3.10,0.71,7.06,1.87,4.41
東大和市,2020-04-06,3.11,0.70,7.11,1.82,4.39
東大和市,2020-04-07,2.61,0.41,5.65,1.51,3.65
東大和市,2020-04-08,2.63,0.37,5.66,1.49,3.66
東大和市,2020-04-09,2.26,0.14,4.74,1.22,3.16
東大和市,2020-04-10,2.27,0.15,4.78,1.21,3.18
東大和市,2020-04-11,1.95,0.00,4.11,0.99,2.80
東大和市,2020-04-12,1.96,0.00,4.14,0.94,2.78
東大和市,2020-04-13,1.96,0.00,4.17,0.87,2.74
東大和市,2020-04-14,1.96,0.00,4.19,0.89,2.78
東大和市,2020-04-15,1.96,0.00,4.22,0.92,2.83
東大和市,2020-04-16,1.96,0.00,4.25,0.78,2.72
東大和市,2020-04-17,1.96,0.00,4.27,0.76,2.72
東大和市,2020-04-18,1.51,0.00,3.79,0.34,2.10
東大和市,2020-04-19,1.47,0.00,3.81,0.31,2.08
東大和市,2020-04-20,1.43,0.00,3.84,0.28,2.06
東大和市,2020-04-21,1.39,0.00,3.87,0.26,2.05
東大和市,2020-04-22,1.33,0.00,3.89,0.34,2.13
東大和市,2020-04-23,1.27,0.00,3.92,0.29,2.09
東大和市,2020-04-24,0.58,0.00,3.48,0.11,1.66
東大和市,2020-04-25,0.58,0.00,3.51,0.16,1.71
東大和市,2020-04-26,0.59,0.00,3.54,0.13,1.69
東大和市,2020-04-27,0.60,0.00,3.56,0.11,1.68
東大和市,2020-04-28,0.60,0.00,3.59,0.19,1.76
東大和市,2020-04-29,0.60,0.00,3.61,0.15,1.73
東大和市,2020-04-30,0.61,0.00,3.64,0.13,1.72
東大和市,2020-05-01,0.61,0.00,3.67,0.11,1.71
東大和市,2020-05-02,0.61,0.00,3.69,0.10,1.71
東大和市,2020-05-03,0.61,0.00,3.71,0.17,1.78
東大和市,2020-05-04,0.61,0.00,3.74,0.14,1.76
東大和市,2020-05-05,0.61,0.00,3.76,0.13,1.76
東大和市,2020-05-06,0.61,0.00,3.79,0.11,1.75
東大和市,2020-05-07,0.61,0.00,3.81,0.10,1.75
東大和市,2020-05-08,0.61,0.00,3.83,0.17,1.82
東大和市,2020-05-09,0.61,0.00,3.86,0.14,1.80
東大和市,2020-05-10,0.61,0.00,3.88,0.13,1.80
東大和市,2020-05-11,0.61,0.00,3.90,0.11,1.79
東大和市,2020-05-12,0.61,0.00,3.93,0.10,1.79
東大和市,2020-05-13,0.61,0.00,3.95,0.18,1.87
東大和市,2020-05-14,0.61,0.00,3.97,0.14,1.84
東大和市,2020-05-15,0.61,0.00,4.00,0.12,1.83
東村山市,2020-03-31,3.00,0.86,6.84,1.86,4.27
東村山市,2020-04-01,3.02,0.85,6.91,1.83,4.27
東村山市,2020-04-02,3.04,0.80,6.94,1.91,4.37
東村山市,2020-04-03,3.06,0.81,7.02,1.85,4.34
東村山市,2020-04-04,3.08,0.78,7.06,1.96,4.47
東村山市,2020-04-05,2.60,0.52,5.66,1.52,3.61
東村山市,2020-04-06,2.62,0.43,5.64,1.51,3.63
東村山市,2020-04-07,2.63,0.43,5.69,1.61,3.75
東村山市,2020-04-08,2.65,0.40,5.71,1.58,3.75
東村山市,2020-04-09,2.66,0.32,5.68,1.55,3.75
東村山市,2020-04-10,2.68,0.29,5.69,1.51,3.74
東村山市,2020-04-11,2.69,0.23,5.67,1.60,3.85
東村山市,2020-04-12,2.70,0.25,5.72,1.53,3.81
東村山市,2020-04-13,2.71,0.16,5.67,1.48,3.79
東村山市,2020-04-14,2.21,0.03,4.52,1.10,3.08
東村山市,2020-04-15,1.86,0.00,3.99,0.77,2.60
東村山市,2020-04-16,1.85,0.00,4.02,0.75,2.60
東村山市,2020-04-17,1.85,0.00,4.05,0.71,2.58
東村山市,2020-04-18,1.80,0.00,3.94,0.66,2.49
東村山市,2020-04-19,1.32,0.00,3.55,0.26,1.91
東村山市,2020-04-20,1.25,0.00,3.57,0.23,1.89
東村山市,2020-04-21,1.17,0.00,3.60,0.29,1.95
東村山市,2020-04-22,1.07,0.00,3.63,0.25,1.92
東村山市,2020-04-23,0.96,0.00,3.66,0.22,1.90
東村山市,2020-04-24,0.87,0.00,3.68,0.20,1.89
東村山市,2020-04-25,0.55,0.00,3.31,0.11,1.57
東村山市,2020-04-26,0.56,0.00,3.34,0.09,1.56
東村山市,2020-04-27,0.57,0.00,3.36,0.14,1.61
東村山市,2020-04-28,0.49,0.00,3.03,0.05,1.33
東村山市,2020-04-29,0.50,0.00,3.06,0.05,1.34
東村山市,2020-04-30,0.51,0.00,3.09,0.05,1.35
東村山市,2020-05-01,0.52,0.00,3.12,0.06,1.37
東村山市,2020-05-02,0.53,0.00,3.07,0.13,1.42
東村山市,2020-05-03,0.54,0.00,3.04,0.12,1.40
東村山市,2020-05-04,0.48,0.00,2.76,0.10,1.23
東村山市,2020-05-05,0.49,0.00,2.79,0.05,1.20
東村山市,2020-05-06,0.50,0.00,2.82,0.07,1.23
東村山市,2020-05-07,0.50,0.00,2.85,0.09,1.26
東村山市,2020-05-08,0.51,0.00,2.88,0.05,1.24
東村山市,2020-05-09,0.52,0.00,2.91,0.07,1.27
東村山市,2020-05-10,0.52,0.00,2.94,0.09,1.30
東村山市,2020-05-11,0.52,0.00,2.97,0.13,1.35
東村山市,2020-05-12,0.53,0.00,3.00,0.07,1.31
東村山市,2020-05-13,0.53,0.00,3.02,0.08,1.33
東村山市,2020-05-14,0.38,0.00,2.25,0.01,0.89
東村山市,2020-05-15,0.41,0.00,2.28,0.01,0.91
板橋区,2020-03-31,3.00,0.86,6.84,1.86,4.27
板橋区,2020-04-01,2.79,0.87,5.76,1.80,3.82
板橋区,2020-04-02,2.93,0.96,5.63,1.92,3.87
板橋区,2020-04-03,2.70,0.83,4.98,1.78,3.51
板橋区,2020-04-04,2.53,0.80,4.64,1.68,3.28
板橋区,2020-04-05,2.40,0.67,4.32,1.56,3.08
板橋区,2020-04-06,2.29,0.60,4.11,1.50,2.96
板橋区,2020-04-07,2.20,0.49,3.90,1.42,2.84
板橋区,2020-04-08,2.12,0.46,3.78,1.36,2.75
板橋区,2020-04-09,2.20,0.49,3.81,1.48,2.86
板橋区,2020-04-10,2.09,0.45,3.66,1.32,2.67
板橋区,2020-04-11,2.00,0.32,3.45,1.28,2.60
板橋区,2020-04-12,1.78,0.20,3.17,1.07,2.36
板橋区,2020-04-13,1.73,0.18,3.11,0.99,2.28
板橋区,2020-04-14,1.68,0.10,3.00,0.92,2.21
板橋区,2020-04-15,1.63,0.09,2.95,0.84,2.13
板橋区,2020-04-16,1.58,0.04,2.87,0.85,2.13
板橋区,2020-04-17,1.54,0.05,2.84,0.74,2.02
板橋区,2020-04-18,1.64,0.11,2.97,0.90,2.19
板橋区,2020-04-19,1.57,0.08,2.88,0.77,2.05
板橋区,2020-04-20,1.51,0.03,2.78,0.74,2.00
板橋区,2020-04-21,1.30,0.00,2.59,0.56,1.77
板橋区,2020-04-22,1.25,0.00,2.57,0.58,1.78
板橋区,2020-04-23,1.20,0.00,2.55,0.41,1.61
板橋区,2020-04-24,0.92,0.00,2.41,0.26,1.39
板橋区,2020-04-25,0.86,0.00,2.42,0.23,1.36
板橋区,2020-04-26,0.81,0.00,2.42,0.29,1.41
板橋区,2020-04-27,0.78,0.00,2.42,0.24,1.36
板橋区,2020-04-28,0.58,0.00,2.30,0.18,1.22
板橋区,2020-04-29,0.73,0.00,2.45,0.19,1.32
板橋区,2020-04-30,0.72,0.00,2.45,0.24,1.36
板橋区,2020-05-01,0.71,0.00,2.45,0.20,1.32
板橋区,2020-05-02,0.69,0.00,2.45,0.17,1.29
板橋区,2020-05-03,0.68,0.00,2.44,0.22,1.33
板橋区,2020-05-04,0.55,0.00,2.31,0.12,1.15
板橋区,2020-05-05,0.55,0.00,2.33,0.18,1.21
板橋区,2020-05-06,0.48,0.00,2.22,0.08,1.04
板橋区,2020-05-07,0.48,0.00,2.26,0.11,1.08
板橋区,2020-05-08,0.49,0.00,2.30,0.07,1.06
板橋区,2020-05-09,0.72,0.00,2.56,0.24,1.39
板橋区,2020-05-10,1.18,0.00,2.76,0.44,1.71
板橋区,2020-05-11,1.32,0.04,2.77,0.64,1.89
板橋区,2020-05-12,1.10,0.00,2.47,0.45,1.59
板橋区,2020-05-13,0.91,0.00,2.28,0.27,1.33
板橋区,2020-05-14,0.57,0.00,2.05,0.14,1.07
板橋区,2020-05-15,0.39,0.00,1.78,0.08,0.84
武蔵村山市,2020-03-31,3.00,0.86,6.84,1.86,4.27
武蔵村山市,2020-04-01,3.02,0.85,6.91,1.83,4.27
武蔵村山市,2020-04-02,3.04,0.80,6.94,1.91,4.37
武蔵村山市,2020-04-03,3.06,0.81,7.02,1.85,4.34
武蔵村山市,2020-04-04,3.08,0.78,7.06,1.96,4.47
武蔵村山市,2020-04-05,2.60,0.52,5.66,1.52,3.61
武蔵村山市,2020-04-06,2.62,0.43,5.64,1.51,3.63
武蔵村山市,2020-04-07,2.63,0.43,5.69,1.61,3.75
武蔵村山市,2020-04-08,2.65,0.40,5.71,1.58,3.75
武蔵村山市,2020-04-09,2.66,0.32,5.68,1.55,3.75
武蔵村山市,2020-04-10,2.68,0.29,5.69,1.51,3.74
武蔵村山市,2020-04-11,2.69,0.23,5.67,1.60,3.85
武蔵村山市,2020-04-12,2.70,0.25,5.72,1.53,3.81
武蔵村山市,2020-04-13,2.71,0.16,5.67,1.48,3.79
武蔵村山市,2020-04-14,2.72,0.13,5.67,1.53,3.86
武蔵村山市,2020-04-15,2.73,0.19,5.75,1.47,3.83
武蔵村山市,2020-04-16,2.74,0.13,5.72,1.50,3.88
武蔵村山市,2020-04-17,2.75,0.09,5.71,1.55,3.95
武蔵村山市,2020-04-18,2.76,0.11,5.75,1.45,3.88
武蔵村山市,2020-04-19,2.77,0.06,5.73,1.47,3.92
武蔵村山市,2020-04-20,2.77,0.06,5.75,1.49,3.96
武蔵村山市,2020-04-21,2.78,0.07,5.78,1.52,4.01
武蔵村山市,2020-04-22,2.78,0.02,5.76,1.39,3.91
武蔵村山市,2020-04-23,2.79,0.02,5.78,1.38,3.92
武蔵村山市,2020-04-24,2.79,0.01,5.79,1.37,3.93
武蔵村山市,2020-04-25,2.80,0.01,5.81,1.35,3.93
武蔵村山市,2020-04-26,2.80,0.01,5.83,1.33,3.93
武蔵村山市,2020-04-27,2.80,0.00,5.84,1.47,4.08
武蔵村山市,2020-04-28,2.80,0.00,5.86,1.41,4.04
武蔵村山市,2020-04-29,2.80,0.00,5.88,1.36,4.01
武蔵村山市,2020-04-30,2.80,0.00,5.90,1.31,3.98
武蔵村山市,2020-05-01,2.80,0.00,5.92,1.25,3.94
武蔵村山市,2020-05-02,2.80,0.00,5.94,1.33,4.03
武蔵村山市,2020-05-03,2.00,0.00,4.89,0.40,2.70
武蔵村山市,2020-05-04,1.97,0.00,4.91,0.48,2.78
武蔵村山市,2020-05-05,1.95,0.00,4.93,0.39,2.70
武蔵村山市,2020-05-06,1.92,0.00,4.95,0.33,2.65
武蔵村山市,2020-05-07,1.89,0.00,4.97,0.40,2.72
武蔵村山市,2020-05-08,1.85,0.00,4.99,0.33,2.66
武蔵村山市,2020-05-09,1.82,0.00,5.01,0.28,2.62
武蔵村山市,2020-05-10,1.77,0.00,5.03,0.33,2.67
武蔵村山市,2020-05-11,1.73,0.00,5.05,0.27,2.62
武蔵村山市,2020-05-12,1.69,0.00,5.07,0.32,2.67
武蔵村山市,2020-05-13,1.64,0.00,5.09,0.26,2.62
武蔵村山市,2020-05-14,1.59,0.00,5.11,0.32,2.68
武蔵村山市,2020-05-15,1.54,0.00,5.13,0.25,2.62
武蔵野市,2020-03-31,3.00,0.86,6.84,1.86,4.27
武蔵野市,2020-04-01,3.02,0.85,6.91,1.83,4.27
武蔵野市,2020-04-02,2.57,0.65,5.59,1.54,3.55
武蔵野市,2020-04-03,2.59,0.63,5.65,1.54,3.58
武蔵野市,2020-04-04,2.61,0.57,5.67,1.54,3.61
武蔵野市,2020-04-05,2.63,0.52,5.69,1.54,3.64
武蔵野市,2020-04-06,2.65,0.52,5.75,1.65,3.77
武蔵野市,2020-04-07,2.29,0.26,4.84,1.36,3.25
武蔵野市,2020-04-08,2.31,0.19,4.82,1.38,3.30
武蔵野市,2020-04-09,2.32,0.16,4.83,1.38,3.33
武蔵野市,2020-04-10,2.33,0.18,4.88,1.36,3.34
武蔵野市,2020-04-11,2.28,0.13,4.64,1.24,3.17
武蔵野市,2020-04-12,1.97,0.00,4.05,0.93,2.73
武蔵野市,2020-04-13,1.97,0.04,4.11,0.99,2.81
武蔵野市,2020-04-14,1.97,0.02,4.12,0.91,2.76
武蔵野市,2020-04-15,2.22,0.08,4.38,1.19,3.09
武蔵野市,2020-04-16,1.54,0.00,3.51,0.51,2.15
武蔵野市,2020-04-17,1.52,0.00,3.54,0.41,2.07
武蔵野市,2020-04-18,0.83,0.00,3.17,0.22,1.68
武蔵野市,2020-04-19,0.73,0.00,3.14,0.23,1.67
武蔵野市,2020-04-20,0.54,0.00,2.90,0.09,1.38
武蔵野市,2020-04-21,0.54,0.00,2.93,0.16,1.45
武蔵野市,2020-04-22,0.55,0.00,2.96,0.14,1.44
武蔵野市,2020-04-23,0.56,0.00,2.99,0.13,1.44
武蔵野市,2020-04-24,0.56,0.00,3.02,0.12,1.44
武蔵野市,2020-04-25,0.57,0.00,3.05,0.12,1.45
武蔵野市,2020-04-26,0.49,0.00,2.79,0.05,1.23
武蔵野市,2020-04-27,0.50,0.00,2.82,0.06,1.25
武蔵野市,2020-04-28,0.51,0.00,2.85,0.07,1.27
武蔵野市,2020-04-29,0.52,0.00,2.88,0.09,1.30
武蔵野市,2020-04-30,0.46,0.00,2.64,0.04,1.12
武蔵野市,2020-05-01,0.47,0.00,2.67,0.07,1.16
武蔵野市,2020-05-02,0.48,0.00,2.70,0.04,1.15
武蔵野市,2020-05-03,0.49,0.00,2.73,0.07,1.19
武蔵野市,2020-05-04,0.50,0.00,2.76,0.10,1.23
武蔵野市,2020-05-05,0.51,0.00,2.74,0.11,1.24
武蔵野市,2020-05-06,0.46,0.00,2.52,0.05,1.07
武蔵野市,2020-05-07,0.47,0.00,2.55,0.10,1.13
武蔵野市,2020-05-08,0.48,0.00,2.58,0.06,1.11
武蔵野市,2020-05-09,0.49,0.00,2.61,0.11,1.17
武蔵野市,2020-05-10,0.49,0.00,2.65,0.07,1.15
武蔵野市,2020-05-11,0.50,0.00,2.68,0.11,1.20
武蔵野市,2020-05-12,0.50,0.00,2.71,0.07,1.18
武蔵野市,2020-05-13,0.51,0.00,2.74,0.10,1.22
武蔵野市,2020-05-14,0.51,0.00,2.77,0.06,1.20
武蔵野市,2020-05-15,0.51,0.00,2.80,0.09,1.24
江戸川区,2020-03-31,3.00,0.86,6.84,1.86,4.27
江戸川区,2020-04-01,2.89,0.85,6.19,1.79,3.98
江戸川区,2020-04-02,2.80,0.81,5.78,1.75,3.80
江戸川区,2020-04-03,2.73,0.81,5.53,1.75,3.70
江戸川区,2020-04-04,2.97,0.90,5.70,2.01,4.00
江戸川区,2020-04-05,2.53,0.68,4.92,1.60,3.36
江戸川区,2020-04-06,2.49,0.57,4.74,1.57,3.30
江戸川区,2020-04-07,2.44,0.49,4.60,1.51,3.22
江戸川区,2020-04-08,2.63,0.67,4.86,1.73,3.47
江戸川区,2020-04-09,2.99,0.96,5.18,2.06,3.81
江戸川区,2020-04-10,3.14,1.14,5.12,2.20,3.85
江戸川区,2020-04-11,2.77,0.97,4.56,2.01,3.49
江戸川区,2020-04-12,2.36,0.63,3.96,1.59,2.97
江戸川区,2020-04-13,2.21,0.53,3.73,1.49,2.82
江戸川区,2020-04-14,1.95,0.29,3.34,1.27,2.56
江戸川区,2020-04-15,2.01,0.37,3.41,1.34,2.62
江戸川区,2020-04-16,2.16,0.51,3.55,1.46,2.72
江戸川区,2020-04-17,2.01,0.41,3.33,1.33,2.55
江戸川区,2020-04-18,1.89,0.33,3.15,1.21,2.40
江戸川区,2020-04-19,1.56,0.11,2.73,0.87,2.03
江戸川区,2020-04-20,1.39,0.04,2.54,0.73,1.87
江戸川区,2020-04-21,1.35,0.04,2.52,0.70,1.84
江戸川区,2020-04-22,1.31,0.00,2.47,0.63,1.77
江戸川区,2020-04-23,1.26,0.00,2.45,0.54,1.68
江戸川区,2020-04-24,1.22,0.00,2.43,0.55,1.68
江戸川区,2020-04-25,1.00,0.00,2.31,0.38,1.46
江戸川区,2020-04-26,0.95,0.00,2.31,0.32,1.40
江戸川区,2020-04-27,0.90,0.00,2.31,0.27,1.35
江戸川区,2020-04-28,0.65,0.00,2.20,0.23,1.24
江戸川区,2020-04-29,0.63,0.00,2.22,0.16,1.18
江戸川区,2020-04-30,0.62,0.00,2.23,0.17,1.19
江戸川区,2020-05-01,0.62,0.00,2.25,0.18,1.20
江戸川区,2020-05-02,0.61,0.00,2.26,0.21,1.23
江戸川区,2020-05-03,0.61,0.00,2.27,0.14,1.17
江戸川区,2020-05-04,0.52,0.00,2.16,0.10,1.06
江戸川区,2020-05-05,0.52,0.00,2.19,0.09,1.06
江戸川区,2020-05-06,0.52,0.00,2.22,0.09,1.07
江戸川区,2020-05-07,0.46,0.00,2.12,0.08,0.99
江戸川区,2020-05-08,0.47,0.00,2.16,0.06,0.99
江戸川区,2020-05-09,0.48,0.00,2.20,0.09,1.03
江戸川区,2020-05-10,0.56,0.00,2.34,0.18,1.20
江戸川区,2020-05-11,0.69,0.00,2.46,0.20,1.30
江戸川区,2020-05-12,0.58,0.00,2.28,0.13,1.14
江戸川区,2020-05-13,0.50,0.00,2.14,0.14,1.07
江戸川区,2020-05-14,0.41,0.00,1.93,0.04,0.85
江戸川区,2020-05-15,0.42,0.00,1.97,0.04,0.87
江東区,2020-03-31,3.00,0.86,6.84,1.86,4.27
江東区,2020-04-01,2.89,0.85,6.19,1.79,3.98
江東区,2020-04-02,2.80,0.81,5.78,1.75,3.80
江東区,2020-04-03,3.06,0.99,6.02,2.02,4.11
江東区,2020-04-04,2.86,0.85,5.41,1.84,3.74
江東区,2020-04-05,2.71,0.83,5.09,1.81,3.58
江東区,2020-04-06,2.83,0.86,5.05,1.93,3.67
江東区,2020-04-07,2.86,0.94,4.94,1.99,3.65
江東区,2020-04-08,2.82,0.96,4.73,2.01,3.57
江東区,2020-04-09,2.57,0.79,4.30,1.79,3.24
江東区,2020-04-10,2.39,0.67,4.00,1.60,2.98
江東区,2020-04-11,2.24,0.56,3.76,1.47,2.80
江東区,2020-04-12,1.98,0.35,3.40,1.22,2.51
江東区,2020-04-13,1.77,0.19,3.11,1.02,2.29
江東区,2020-04-14,1.59,0.08,2.88,0.82,2.08
江東区,2020-04-15,1.56,0.04,2.84,0.79,2.06
江東区,2020-04-16,1.67,0.13,3.02,0.88,2.18
江東区,2020-04-17,1.62,0.06,2.92,0.87,2.16
江東区,2020-04-18,1.72,0.13,3.05,0.99,2.29
江東区,2020-04-19,1.65,0.08,2.94,0.85,2.14
江東区,2020-04-20,1.58,0.07,2.87,0.83,2.10
江東区,2020-04-21,1.52,0.03,2.78,0.73,1.99
江東区,2020-04-22,1.47,0.02,2.72,0.72,1.96
江東区,2020-04-23,1.41,0.03,2.68,0.63,1.86
江東区,2020-04-24,1.36,0.00,2.61,0.65,1.86
江東区,2020-04-25,1.13,0.00,2.46,0.38,1.54
江東区,2020-04-26,1.09,0.00,2.45,0.38,1.53
江東区,2020-04-27,1.04,0.00,2.44,0.38,1.52
江東区,2020-04-28,0.74,0.00,2.31,0.24,1.31
江東区,2020-04-29,0.96,0.00,2.44,0.28,1.42
江東区,2020-04-30,0.92,0.00,2.42,0.28,1.41
江東区,2020-05-01,1.11,0.00,2.53,0.40,1.58
江東区,2020-05-02,1.27,0.00,2.61,0.54,1.75
江東区,2020-05-03,1.22,0.02,2.56,0.54,1.72
江東区,2020-05-04,0.99,0.00,2.38,0.33,1.44
江東区,2020-05-05,0.73,0.00,2.25,0.21,1.25
江東区,2020-05-06,0.70,0.00,2.25,0.18,1.22
江東区,2020-05-07,0.56,0.00,2.14,0.13,1.10
江東区,2020-05-08,1.45,0.05,2.77,0.73,1.97
江東区,2020-05-09,1.79,0.25,3.10,1.03,2.28
江東区,2020-05-10,2.21,0.67,3.51,1.51,2.69
江東区,2020-05-11,2.13,0.76,3.38,1.54,2.62
江東区,2020-05-12,1.73,0.44,2.87,1.14,2.16
江東区,2020-05-13,1.29,0.09,2.28,0.73,1.70
江東区,2020-05-14,0.87,0.00,1.90,0.35,1.24
江東区,2020-05-15,0.34,0.00,1.53,0.00,0.67
清瀬市,2020-03-31,3.00,0.86,6.84,1.86,4.27
清瀬市,2020-04-01,3.02,0.85,6.91,1.83,4.27
清瀬市,2020-04-02,3.04,0.80,6.94,1.91,4.37
清瀬市,2020-04-03,3.06,0.81,7.02,1.85,4.34
清瀬市,2020-04-04,3.08,0.78,7.06,1.96,4.47
清瀬市,2020-04-05,2.60,0.52,5.66,1.52,3.61
清瀬市,2020-04-06,2.62,0.43,5.64,1.51,3.63
清瀬市,2020-04-07,2.63,0.43,5.69,1.61,3.75
清瀬市,2020-04-08,2.65,0.40,5.71,1.58,3.75
清瀬市,2020-04-09,2.66,0.32,5.68,1.55,3.75
清瀬市,2020-04-10,2.59,0.30,5.33,1.54,3.63
清瀬市,2020-04-11,2.22,0.10,4.55,1.24,3.15
清瀬市,2020-04-12,2.23,0.10,4.58,1.21,3.15
清瀬市,2020-04-13,1.87,0.00,3.88,0.91,2.66
清瀬市,2020-04-14,1.56,0.00,3.52,0.62,2.25
清瀬市,2020-04-15,1.54,0.00,3.55,0.50,2.15
清瀬市,2020-04-16,1.52,0.00,3.58,0.40,2.07
清瀬市,2020-04-17,1.49,0.00,3.61,0.40,2.08
清瀬市,2020-04-18,0.45,0.00,2.71,0.02,1.19
清瀬市,2020-04-19,0.47,0.00,2.74,0.08,1.25
清瀬市,2020-04-20,0.49,0.00,2.73,0.06,1.23
清瀬市,2020-04-21,0.45,0.00,2.53,0.03,1.08
清瀬市,2020-04-22,0.46,0.00,2.56,0.06,1.12
清瀬市,2020-04-23,0.48,0.00,2.59,0.10,1.17
清瀬市,2020-04-24,0.49,0.00,2.63,0.06,1.15
清瀬市,2020-04-25,0.49,0.00,2.66,0.08,1.18
清瀬市,2020-04-26,0.50,0.00,2.69,0.05,1.17
清瀬市,2020-04-27,0.51,0.00,2.72,0.07,1.20
清瀬市,2020-04-28,0.51,0.00,2.76,0.10,1.24
清瀬市,2020-04-29,0.51,0.00,2.79,0.06,1.22
清瀬市,2020-04-30,0.52,0.00,2.82,0.08,1.25
清瀬市,2020-05-01,0.52,0.00,2.85,0.10,1.28
清瀬市,2020-05-02,0.53,0.00,2.88,0.06,1.26
清瀬市,2020-05-03,0.53,0.00,2.91,0.08,1.29
清瀬市,2020-05-04,0.53,0.00,2.94,0.09,1.31
清瀬市,2020-05-05,0.54,0.00,2.91,0.07,1.29
清瀬市,2020-05-06,0.47,0.00,2.65,0.10,1.18
清瀬市,2020-05-07,0.48,0.00,2.68,0.05,1.15
清瀬市,2020-05-08,0.49,0.00,2.71,0.08,1.19
清瀬市,2020-05-09,0.45,0.00,2.48,0.05,1.05
清瀬市,2020-05-10,0.46,0.00,2.52,0.03,1.05
清瀬市,2020-05-11,0.47,0.00,2.55,0.07,1.10
清瀬市,2020-05-12,0.48,0.00,2.58,0.04,1.09
清瀬市,2020-05-13,0.49,0.00,2.62,0.08,1.14
清瀬市,2020-05-14,0.44,0.00,2.40,0.07,1.03
清瀬市,2020-05-15,0.45,0.00,2.44,0.05,1.03
渋谷区,2020-03-31,3.00,0.86,6.84,1.86,4.27
渋谷区,2020-04-01,2.79,0.87,5.76,1.80,3.82
渋谷区,2020-04-02,2.93,0.96,5.63,1.92,3.87
渋谷区,2020-04-03,2.96,1.05,5.36,1.97,3.78
渋谷区,2020-04-04,2.68,0.90,4.75,1.79,3.40
渋谷区,2020-04-05,2.49,0.79,4.37,1.68,3.17
渋谷区,2020-04-06,2.34,0.71,4.11,1.63,3.04
渋谷区,2020-04-07,2.22,0.57,3.85,1.50,2.86
渋谷区,2020-04-08,2.26,0.61,3.84,1.51,2.85
渋谷区,2020-04-09,2.26,0.70,3.84,1.56,2.86
渋谷区,2020-04-10,2.12,0.55,3.57,1.37,2.63
渋谷区,2020-04-11,1.88,0.37,3.25,1.17,2.39
渋谷区,2020-04-12,1.80,0.25,3.08,1.19,2.39
渋谷区,2020-04-13,1.73,0.23,3.00,1.11,2.30
渋谷区,2020-04-14,1.66,0.18,2.90,0.95,2.14
渋谷区,2020-04-15,1.83,0.31,3.10,1.13,2.32
渋谷区,2020-04-16,1.84,0.33,3.08,1.22,2.38
渋谷区,2020-04-17,1.73,0.26,2.92,1.05,2.19
渋谷区,2020-04-18,1.43,0.12,2.58,0.82,1.92
渋谷区,2020-04-19,1.49,0.10,2.60,0.82,1.93
渋谷区,2020-04-20,1.32,0.03,2.41,0.71,1.79
渋谷区,2020-04-21,1.16,0.00,2.27,0.46,1.52
渋谷区,2020-04-22,1.12,0.00,2.26,0.49,1.54
渋谷区,2020-04-23,1.07,0.00,2.24,0.40,1.45
渋谷区,2020-04-24,0.68,0.00,2.05,0.24,1.19
渋谷区,2020-04-25,0.65,0.00,2.07,0.17,1.13
渋谷区,2020-04-26,0.63,0.00,2.09,0.18,1.14
渋谷区,2020-04-27,0.53,0.00,2.01,0.10,1.01
渋谷区,2020-04-28,0.53,0.00,2.04,0.16,1.07
渋谷区,2020-04-29,0.47,0.00,1.96,0.11,0.97
渋谷区,2020-04-30,0.55,0.00,2.10,0.11,1.05
渋谷区,2020-05-01,0.55,0.00,2.12,0.17,1.11
渋谷区,2020-05-02,0.55,0.00,2.14,0.15,1.10
渋谷区,2020-05-03,0.56,0.00,2.15,0.12,1.08
渋谷区,2020-05-04,0.56,0.00,2.17,0.18,1.14
渋谷区,2020-05-05,0.49,0.00,2.07,0.12,1.02
渋谷区,2020-05-06,0.49,0.00,2.10,0.14,1.05
渋谷区,2020-05-07,0.57,0.00,2.25,0.13,1.13
渋谷区,2020-05-08,0.58,0.00,2.26,0.16,1.16
渋谷区,2020-05-09,0.58,0.00,2.27,0.21,1.21
渋谷区,2020-05-10,0.58,0.00,2.27,0.14,1.15
渋谷区,2020-05-11,0.58,0.00,2.28,0.16,1.17
渋谷区,2020-05-12,0.50,0.00,2.16,0.11,1.05
渋谷区,2020-05-13,0.50,0.00,2.19,0.11,1.06
渋谷区,2020-05-14,0.51,0.00,2.21,0.11,1.07
渋谷区,2020-05-15,0.46,0.00,2.11,0.06,0.96
港区,2020-03-31,3.00,0.86,6.84,1.86,4.27
港区,2020-04-01,3.02,1.01,5.91,1.96,4.01
港区,2020-04-02,3.22,1.20,5.63,2.31,4.17
港区,2020-04-03,3.40,1.49,5.44,2.46,4.12
港区,2020-04-04,2.97,1.28,4.64,2.18,3.58
港区,2020-04-05,2.32,0.83,3.78,1.67,2.89
港区,2020-04-06,2.25,0.85,3.67,1.58,2.75
港区,2020-04-07,2.27,0.88,3.60,1.67,2.79
港区,2020-04-08,2.17,0.81,3.41,1.56,2.63
港区,2020-04-09,2.24,0.91,3.41,1.62,2.65
港区,2020-04-10,1.95,0.70,3.08,1.39,2.37
港区,2020-04-11,1.59,0.35,2.64,1.02,1.98
港区,2020-04-12,1.30,0.12,2.28,0.72,1.67
港区,2020-04-13,1.02,0.00,1.98,0.45,1.37
港区,2020-04-14,0.98,0.00,2.00,0.44,1.37
港区,2020-04-15,1.16,0.03,2.19,0.55,1.54
港区,2020-04-16,1.32,0.08,2.36,0.71,1.73
港区,2020-04-17,1.36,0.10,2.40,0.75,1.77
港区,2020-04-18,1.21,0.04,2.23,0.65,1.64
港区,2020-04-19,1.07,0.01,2.10,0.45,1.42
港区,2020-04-20,0.92,0.00,2.01,0.31,1.25
港区,2020-04-21,0.89,0.00,2.01,0.37,1.30
港区,2020-04-22,0.99,0.00,2.08,0.43,1.39
港区,2020-04-23,0.84,0.00,1.99,0.34,1.26
港区,2020-04-24,0.82,0.00,1.99,0.30,1.22
港区,2020-04-25,0.56,0.00,1.84,0.15,0.99
港区,2020-04-26,0.49,0.00,1.78,0.13,0.93
港区,2020-04-27,0.45,0.00,1.74,0.08,0.85
港区,2020-04-28,0.47,0.00,1.77,0.11,0.89
港区,2020-04-29,0.43,0.00,1.73,0.08,0.83
港区,2020-04-30,0.45,0.00,1.77,0.07,0.84
港区,2020-05-01,0.58,0.00,1.98,0.18,1.06
港区,2020-05-02,0.68,0.00,2.09,0.24,1.18
港区,2020-05-03,0.69,0.00,2.08,0.24,1.18
港区,2020-05-04,0.69,0.00,2.07,0.24,1.18
港区,2020-05-05,0.50,0.00,1.89,0.11,0.95
港区,2020-05-06,0.41,0.00,1.74,0.05,0.80
港区,2020-05-07,0.39,0.00,1.70,0.04,0.76
港区,2020-05-08,0.41,0.00,1.75,0.05,0.79
港区,2020-05-09,0.42,0.00,1.80,0.06,0.82
港区,2020-05-10,0.49,0.00,1.92,0.09,0.92
港区,2020-05-11,0.50,0.00,1.93,0.10,0.94
港区,2020-05-12,0.46,0.00,1.85,0.06,0.86
港区,2020-05-13,0.43,0.00,1.78,0.07,0.83
港区,2020-05-14,0.37,0.00,1.64,0.07,0.75
港区,2020-05-15,0.39,0.00,1.70,0.03,0.74
狛江市,2020-03-31,3.00,0.86,6.84,1.86,4.27
狛江市,2020-04-01,3.02,0.85,6.91,1.83,4.27
狛江市,2020-04-02,3.04,0.80,6.94,1.91,4.37
狛江市,2020-04-03,3.06,0.81,7.02,1.85,4.34
狛江市,2020-04-04,1.99,0.28,4.24,1.12,2.75
狛江市,2020-04-05,2.01,0.24,4.26,1.18,2.84
狛江市,2020-04-06,2.03,0.22,4.29,1.12,2.82
狛江市,2020-04-07,2.05,0.16,4.28,1.15,2.88
狛江市,2020-04-08,2.06,0.13,4.29,1.19,2.95
狛江市,2020-04-09,1.57,0.00,3.42,0.67,2.21
狛江市,2020-04-10,1.57,0.00,3.45,0.74,2.30
狛江市,2020-04-11,1.55,0.00,3.40,0.57,2.13
狛江市,2020-04-12,1.25,0.00,3.13,0.29,1.74
狛江市,2020-04-13,1.21,0.00,3.16,0.29,1.75
狛江市,2020-04-14,1.15,0.00,3.19,0.28,1.75
狛江市,2020-04-15,1.08,0.00,3.22,0.27,1.75
狛江市,2020-04-16,1.01,0.00,3.19,0.30,1.76
狛江市,2020-04-17,0.58,0.00,2.94,0.15,1.46
狛江市,2020-04-18,0.58,0.00,2.97,0.13,1.45
狛江市,2020-04-19,0.58,0.00,3.00,0.12,1.45
狛江市,2020-04-20,0.59,0.00,2.97,0.12,1.44
狛江市,2020-04-21,0.50,0.00,2.74,0.14,1.31
狛江市,2020-04-22,0.51,0.00,2.77,0.14,1.32
狛江市,2020-04-23,0.52,0.00,2.80,0.07,1.27
狛江市,2020-04-24,0.52,0.00,2.84,0.07,1.28
狛江市,2020-04-25,0.53,0.00,2.87,0.08,1.30
狛江市,2020-04-26,0.47,0.00,2.63,0.05,1.14
狛江市,2020-04-27,0.48,0.00,2.66,0.07,1.17
狛江市,2020-04-28,0.49,0.00,2.70,0.11,1.22
狛江市,2020-04-29,0.50,0.00,2.73,0.06,1.19
狛江市,2020-04-30,0.50,0.00,2.76,0.08,1.22
狛江市,2020-05-01,0.51,0.00,2.79,0.12,1.27
狛江市,2020-05-02,0.52,0.00,2.77,0.11,1.26
狛江市,2020-05-03,0.82,0.00,3.23,0.22,1.65
狛江市,2020-05-04,0.64,0.00,2.85,0.15,1.39
狛江市,2020-05-05,0.46,0.00,2.42,0.03,1.04
狛江市,2020-05-06,0.47,0.00,2.45,0.06,1.08
狛江市,2020-05-07,0.48,0.00,2.49,0.09,1.12
狛江市,2020-05-08,0.44,0.00,2.31,0.07,1.01
狛江市,2020-05-09,0.45,0.00,2.35,0.05,1.01
狛江市,2020-05-10,0.46,0.00,2.38,0.12,1.09
狛江市,2020-05-11,0.43,0.00,2.22,0.03,0.93
狛江市,2020-05-12,0.44,0.00,2.26,0.09,1.00
狛江市,2020-05-13,0.41,0.00,2.12,0.03,0.88
狛江市,2020-05-14,0.43,0.00,2.15,0.03,0.90
狛江市,2020-05-15,0.44,0.00,2.19,0.03,0.92
瑞穂町,2020-03-31,3.00,0.86,6.84,1.86,4.27
瑞穂町,2020-04-01,3.02,0.85,6.91,1.83,4.27
瑞穂町,2020-04-02,3.04,0.80,6.94,1.91,4.37
瑞穂町,2020-04-03,3.06,0.81,7.02,1.85,4.34
瑞穂町,2020-04-04,3.08,0.78,7.06,1.96,4.47
瑞穂町,2020-04-05,3.10,0.71,7.06,1.87,4.41
瑞穂町,2020-04-06,3.11,0.70,7.11,1.82,4.39
瑞穂町,2020-04-07,3.13,0.64,7.11,1.87,4.46
瑞穂町,2020-04-08,3.15,0.55,7.08,1.96,4.57
瑞穂町,2020-04-09,3.16,0.51,7.09,1.86,4.50
瑞穂町,2020-04-10,3.18,0.55,7.17,1.91,4.57
瑞穂町,2020-04-11,3.19,0.41,7.08,1.83,4.52
瑞穂町,2020-04-12,3.21,0.36,7.07,1.86,4.57
瑞穂町,2020-04-13,3.22,0.38,7.12,1.91,4.64
瑞穂町,2020-04-14,3.23,0.28,7.06,1.82,4.58
瑞穂町,2020-04-15,3.25,0.25,7.06,1.84,4.62
瑞穂町,2020-04-16,3.26,0.22,7.06,1.86,4.66
瑞穂町,2020-04-17,3.27,0.24,7.10,1.88,4.70
瑞穂町,2020-04-18,2.63,0.03,5.50,1.33,3.71
瑞穂町,2020-04-19,2.63,0.03,5.52,1.35,3.75
瑞穂町,2020-04-20,2.64,0.04,5.55,1.37,3.79
瑞穂町,2020-04-21,2.64,0.05,5.58,1.38,3.82
瑞穂町,2020-04-22,2.65,0.00,5.56,1.39,3.85
瑞穂町,2020-04-23,2.65,0.00,5.58,1.39,3.87
瑞穂町,2020-04-24,2.66,0.00,5.60,1.36,3.86
瑞穂町,2020-04-25,2.66,0.00,5.62,1.33,3.85
瑞穂町,2020-04-26,2.66,0.00,5.64,1.28,3.82
瑞穂町,2020-04-27,2.66,0.00,5.66,1.24,3.80
瑞穂町,2020-04-28,2.66,0.00,5.68,1.19,3.77
瑞穂町,2020-04-29,2.66,0.00,5.70,1.14,3.74
瑞穂町,2020-04-30,2.66,0.00,5.72,1.21,3.82
瑞穂町,2020-05-01,2.66,0.00,5.74,1.13,3.76
瑞穂町,2020-05-02,2.65,0.00,5.76,1.21,3.85
瑞穂町,2020-05-03,2.65,0.00,5.77,1.10,3.76
瑞穂町,2020-05-04,2.65,0.00,5.79,1.17,3.84
瑞穂町,2020-05-05,2.64,0.00,5.81,1.04,3.73
瑞穂町,2020-05-06,2.64,0.00,5.83,1.08,3.78
瑞穂町,2020-05-07,2.63,0.00,5.85,0.96,3.68
瑞穂町,2020-05-08,2.62,0.00,5.87,0.97,3.70
瑞穂町,2020-05-09,2.62,0.00,5.88,0.99,3.73
瑞穂町,2020-05-10,2.61,0.00,5.90,1.01,3.76
瑞穂町,2020-05-11,2.60,0.00,5.92,1.04,3.80
瑞穂町,2020-05-12,2.59,0.00,5.94,0.83,3.61
瑞穂町,2020-05-13,2.58,0.00,5.96,0.82,3.61
瑞穂町,2020-05-14,2.57,0.00,5.97,0.80,3.60
瑞穂町,2020-05-15,2.56,0.00,5.99,0.77,3.58
町田市,2020-03-31,3.00,0.86,6.84,1.86,4.27
町田市,2020-04-01,3.02,0.85,6.91,1.83,4.27
町田市,2020-04-02,1.81,0.40,3.89,1.07,2.50
町田市,2020-04-03,1.83,0.35,3.93,1.08,2.55
町田市,2020-04-04,1.86,0.25,3.91,1.07,2.58
町田市,2020-04-05,2.23,0.45,4.48,1.38,3.04
町田市,2020-04-06,1.95,0.25,3.84,1.20,2.70
町田市,2020-04-07,1.59,0.05,3.21,0.78,2.17
町田市,2020-04-08,1.60,0.03,3.23,0.81,2.23
町田市,2020-04-09,0.66,0.00,2.43,0.16,1.27
町田市,2020-04-10,0.58,0.00,2.47,0.14,1.26
町田市,2020-04-11,0.57,0.00,2.51,0.13,1.26
町田市,2020-04-12,0.58,0.00,2.52,0.13,1.26
町田市,2020-04-13,0.58,0.00,2.53,0.14,1.27
町田市,2020-04-14,0.59,0.00,2.54,0.16,1.29
町田市,2020-04-15,0.59,0.00,2.55,0.17,1.30
町田市,2020-04-16,0.59,0.00,2.55,0.21,1.34
町田市,2020-04-17,0.76,0.00,2.73,0.20,1.44
町田市,2020-04-18,0.76,0.00,2.70,0.25,1.47
町田市,2020-04-19,0.58,0.00,2.51,0.11,1.23
町田市,2020-04-20,0.49,0.00,2.37,0.13,1.15
町田市,2020-04-21,0.50,0.00,2.40,0.07,1.11
町田市,2020-04-22,0.37,0.00,1.97,0.00,0.80
町田市,2020-04-23,0.40,0.00,2.01,0.01,0.83
町田市,2020-04-24,0.42,0.00,2.05,0.08,0.91
町田市,2020-04-25,0.49,0.00,2.19,0.08,1.00
町田市,2020-04-26,0.37,0.00,1.82,0.00,0.74
町田市,2020-04-27,0.39,0.00,1.86,0.02,0.78
町田市,2020-04-28,0.41,0.00,1.90,0.03,0.81
町田市,2020-04-29,0.39,0.00,1.82,0.04,0.78
町田市,2020-04-30,0.41,0.00,1.86,0.06,0.82
町田市,2020-05-01,0.42,0.00,1.91,0.07,0.85
町田市,2020-05-02,0.44,0.00,1.93,0.06,0.86
町田市,2020-05-03,0.38,0.00,1.74,0.03,0.74
町田市,2020-05-04,0.40,0.00,1.79,0.05,0.78
町田市,2020-05-05,0.38,0.00,1.73,0.06,0.76
町田市,2020-05-06,0.40,0.00,1.77,0.03,0.76
町田市,2020-05-07,0.38,0.00,1.71,0.03,0.73
町田市,2020-05-08,0.40,0.00,1.76,0.06,0.78
町田市,2020-05-09,0.41,0.00,1.81,0.09,0.83
町田市,2020-05-10,0.47,0.00,1.96,0.09,0.91
町田市,2020-05-11,0.39,0.00,1.77,0.03,0.76
町田市,2020-05-12,0.41,0.00,1.82,0.05,0.80
町田市,2020-05-13,0.36,0.00,1.65,0.04,0.71
町田市,2020-05-14,0.38,0.00,1.70,0.02,0.72
町田市,2020-05-15,0.40,0.00,1.75,0.05,0.77
目黒区,2020-03-31,3.00,0.86,6.84,1.86,4.27
目黒区,2020-04-01,3.15,1.06,6.36,2.01,4.22
目黒区,2020-04-02,3.14,1.14,5.80,2.09,4.05
目黒区,2020-04-03,2.79,0.96,4.98,1.93,3.61
目黒区,2020-04-04,2.56,0.82,4.50,1.78,3.31
目黒区,2020-04-05,2.40,0.76,4.22,1.62,3.06
目黒区,2020-04-06,2.12,0.50,3.76,1.35,2.71
目黒区,2020-04-07,2.05,0.44,3.64,1.30,2.64
目黒区,2020-04-08,1.99,0.37,3.52,1.21,2.54
目黒区,2020-04-09,1.93,0.33,3.43,1.16,2.48
目黒区,2020-04-10,1.87,0.24,3.30,1.13,2.44
目黒区,2020-04-11,1.95,0.32,3.41,1.17,2.49
目黒区,2020-04-12,1.88,0.24,3.26,1.11,2.41
目黒区,2020-04-13,1.94,0.32,3.34,1.19,2.48
目黒区,2020-04-14,1.84,0.29,3.22,1.16,2.42
目黒区,2020-04-15,1.76,0.18,3.04,1.08,2.32
目黒区,2020-04-16,1.68,0.15,2.94,0.95,2.18
目黒区,2020-04-17,1.49,0.08,2.72,0.77,1.97
目黒区,2020-04-18,1.44,0.04,2.65,0.79,1.98
目黒区,2020-04-19,1.25,0.00,2.48,0.52,1.68
目黒区,2020-04-20,1.20,0.00,2.47,0.45,1.61
目黒区,2020-04-21,0.96,0.00,2.35,0.35,1.45
目黒区,2020-04-22,0.89,0.00,2.36,0.33,1.43
目黒区,2020-04-23,0.61,0.00,2.26,0.15,1.19
目黒区,2020-04-24,0.80,0.00,2.40,0.28,1.39
目黒区,2020-04-25,0.77,0.00,2.41,0.25,1.36
目黒区,2020-04-26,0.75,0.00,2.41,0.22,1.33
目黒区,2020-04-27,0.73,0.00,2.41,0.20,1.31
目黒区,2020-04-28,0.71,0.00,2.41,0.18,1.29
目黒区,2020-04-29,0.69,0.00,2.41,0.24,1.34
目黒区,2020-04-30,0.92,0.00,2.54,0.26,1.44
目黒区,2020-05-01,0.67,0.00,2.39,0.17,1.26
目黒区,2020-05-02,0.66,0.00,2.39,0.16,1.25
目黒区,2020-05-03,0.65,0.00,2.39,0.22,1.30
目黒区,2020-05-04,0.64,0.00,2.39,0.20,1.28
目黒区,2020-05-05,0.64,0.00,2.39,0.18,1.26
目黒区,2020-05-06,0.53,0.00,2.26,0.12,1.12
目黒区,2020-05-07,0.53,0.00,2.28,0.10,1.11
目黒区,2020-05-08,0.83,0.00,2.58,0.25,1.43
目黒区,2020-05-09,1.08,0.00,2.69,0.37,1.61
目黒区,2020-05-10,1.46,0.07,2.95,0.73,2.05
目黒区,2020-05-11,1.38,0.03,2.78,0.59,1.86
目黒区,2020-05-12,1.15,0.00,2.53,0.40,1.58
目黒区,2020-05-13,0.93,0.00,2.36,0.26,1.36
目黒区,2020-05-14,0.67,0.00,2.23,0.22,1.24
目黒区,2020-05-15,0.41,0.00,1.92,0.05,0.88
福生市,2020-03-31,3.00,0.86,6.84,1.86,4.27
福生市,2020-04-01,3.02,0.85,6.91,1.83,4.27
福生市,2020-04-02,3.04,0.80,6.94,1.91,4.37
福生市,2020-04-03,3.06,0.81,7.02,1.85,4.34
福生市,2020-04-04,3.08,0.78,7.06,1.96,4.47
福生市,2020-04-05,3.10,0.71,7.06,1.87,4.41
福生市,2020-04-06,3.11,0.70,7.11,1.82,4.39
福生市,2020-04-07,3.13,0.64,7.11,1.87,4.46
福生市,2020-04-08,3.15,0.55,7.08,1.96,4.57
福生市,2020-04-09,3.16,0.51,7.09,1.86,4.50
福生市,2020-04-10,3.18,0.55,7.17,1.91,4.57
福生市,2020-04-11,3.19,0.41,7.08,1.83,4.52
福生市,2020-04-12,3.21,0.36,7.07,1.86,4.57
福生市,2020-04-13,3.22,0.38,7.12,1.91,4.64
福生市,2020-04-14,3.23,0.28,7.06,1.82,4.58
福生市,2020-04-15,3.25,0.25,7.06,1.84,4.62
福生市,2020-04-16,3.26,0.22,7.06,1.86,4.66
福生市,2020-04-17,3.27,0.24,7.10,1.88,4.70
福生市,2020-04-18,3.28,0.18,7.07,1.91,4.75
福生市,2020-04-19,3.29,0.19,7.10,1.79,4.66
福生市,2020-04-20,3.30,0.21,7.14,1.79,4.68
福生市,2020-04-21,3.31,0.12,7.08,1.79,4.70
福生市,2020-04-22,2.61,0.00,5.50,1.24,3.69
福生市,2020-04-23,2.61,0.00,5.52,1.22,3.69
福生市,2020-04-24,2.62,0.00,5.54,1.20,3.69
福生市,2020-04-25,2.62,0.00,5.56,1.18,3.69
福生市,2020-04-26,2.62,0.00,5.58,1.28,3.80
福生市,2020-04-27,2.62,0.00,5.60,1.22,3.76
福生市,2020-04-28,2.62,0.00,5.62,1.17,3.73
福生市,2020-04-29,2.62,0.00,5.64,1.11,3.69
福生市,2020-04-30,2.62,0.00,5.66,1.18,3.77
福生市,2020-05-01,2.61,0.00,5.68,1.09,3.70
福生市,2020-05-02,2.61,0.00,5.70,1.17,3.79
福生市,2020-05-03,2.61,0.00,5.72,1.05,3.69
福生市,2020-05-04,2.60,0.00,5.74,1.11,3.76
福生市,2020-05-05,2.60,0.00,5.76,0.98,3.65
福生市,2020-05-06,2.59,0.00,5.77,1.01,3.69
福生市,2020-05-07,2.59,0.00,5.79,1.05,3.74
福生市,2020-05-08,2.58,0.00,5.81,0.89,3.60
福生市,2020-05-09,2.57,0.00,5.83,0.90,3.62
福生市,2020-05-10,2.56,0.00,5.85,0.90,3.63
福生市,2020-05-11,2.55,0.00,5.86,0.89,3.63
福生市,2020-05-12,2.54,0.00,5.88,0.89,3.64
福生市,2020-05-13,2.53,0.00,5.90,0.87,3.63
福生市,2020-05-14,2.52,0.00,5.92,0.84,3.61
福生市,2020-05-15,2.51,0.00,5.94,0.81,3.59
稲城市,2020-03-31,3.00,0.86,6.84,1.86,4.27
稲城市,2020-04-01,3.02,0.85,6.91,1.83,4.27
稲城市,2020-04-02,2.25,0.58,4.85,1.40,3.14
稲城市,2020-04-03,2.27,0.52,4.88,1.35,3.13
稲城市,2020-04-04,2.29,0.47,4.91,1.38,3.19
稲城市,2020-04-05,2.31,0.43,4.94,1.42,3.26
稲城市,2020-04-06,2.33,0.32,4.90,1.33,3.21
稲城市,2020-04-07,2.34,0.30,4.93,1.34,3.25
稲城市,2020-04-08,2.36,0.24,4.92,1.34,3.28
稲城市,2020-04-09,2.37,0.22,4.94,1.34,3.31
稲城市,2020-04-10,2.38,0.18,4.94,1.33,3.33
稲城市,2020-04-11,2.06,0.06,4.28,1.07,2.91
稲城市,2020-04-12,2.06,0.04,4.29,1.03,2.90
稲城市,2020-04-13,2.07,0.02,4.30,0.99,2.89
稲城市,2020-04-14,2.03,0.00,4.15,0.95,2.81
稲城市,2020-04-15,1.69,0.00,3.73,0.59,2.32
稲城市,2020-04-16,1.68,0.00,3.76,0.68,2.42
稲城市,2020-04-17,1.66,0.00,3.79,0.57,2.33
稲城市,2020-04-18,1.65,0.00,3.82,0.47,2.25
稲城市,2020-04-19,1.62,0.00,3.84,0.49,2.28
稲城市,2020-04-20,1.60,0.00,3.87,0.51,2.31
稲城市,2020-04-21,1.57,0.00,3.90,0.36,2.18
稲城市,2020-04-22,1.54,0.00,3.92,0.34,2.17
稲城市,2020-04-23,1.51,0.00,3.95,0.32,2.16
稲城市,2020-04-24,1.47,0.00,3.97,0.30,2.15
稲城市,2020-04-25,0.62,0.00,3.45,0.20,1.75
稲城市,2020-04-26,0.51,0.00,3.12,0.08,1.43
稲城市,2020-04-27,0.52,0.00,3.15,0.07,1.43
稲城市,2020-04-28,0.53,0.00,3.17,0.14,1.50
稲城市,2020-04-29,0.54,0.00,3.20,0.13,1.50
稲城市,2020-04-30,0.55,0.00,3.23,0.12,1.50
稲城市,2020-05-01,0.55,0.00,3.26,0.12,1.51
稲城市,2020-05-02,0.56,0.00,3.28,0.11,1.51
稲城市,2020-05-03,0.49,0.00,2.96,0.05,1.27
稲城市,2020-05-04,0.49,0.00,2.98,0.07,1.30
稲城市,2020-05-05,0.50,0.00,3.01,0.08,1.32
稲城市,2020-05-06,0.51,0.00,3.04,0.10,1.35
稲城市,2020-05-07,0.52,0.00,3.07,0.05,1.32
稲城市,2020-05-08,0.52,0.00,3.10,0.06,1.34
稲城市,2020-05-09,0.53,0.00,3.12,0.08,1.37
稲城市,2020-05-10,0.53,0.00,3.15,0.09,1.39
稲城市,2020-05-11,0.54,0.00,3.18,0.11,1.42
稲城市,2020-05-12,0.54,0.00,3.20,0.13,1.45
稲城市,2020-05-13,0.54,0.00,3.23,0.06,1.40
稲城市,2020-05-14,0.48,0.00,2.89,0.03,1.20
稲城市,2020-05-15,0.49,0.00,2.92,0.05,1.23
立川市,2020-03-31,3.00,0.86,6.84,1.86,4.27
立川市,2020-04-01,3.02,0.85,6.91,1.83,4.27
立川市,2020-04-02,3.04,0.80,6.94,1.91,4.37
立川市,2020-04-03,3.06,0.81,7.02,1.85,4.34
立川市,2020-04-04,3.08,0.78,7.06,1.96,4.47
立川市,2020-04-05,3.10,0.71,7.06,1.87,4.41
立川市,2020-04-06,2.25,0.28,4.79,1.27,3.13
立川市,2020-04-07,2.27,0.23,4.79,1.28,3.17
立川市,2020-04-08,1.98,0.12,4.20,1.10,2.84
立川市,2020-04-09,2.00,0.06,4.18,1.14,2.91
立川市,2020-04-10,1.49,0.00,3.36,0.66,2.19
立川市,2020-04-11,1.48,0.00,3.39,0.48,2.04
立川市,2020-04-12,0.48,0.00,2.61,0.06,1.22
立川市,2020-04-13,0.50,0.00,2.65,0.10,1.26
立川市,2020-04-14,0.51,0.00,2.68,0.10,1.27
立川市,2020-04-15,0.52,0.00,2.72,0.10,1.28
立川市,2020-04-16,0.53,0.00,2.75,0.10,1.29
立川市,2020-04-17,1.40,0.00,3.41,0.49,2.06
立川市,2020-04-18,0.46,0.00,2.44,0.04,1.08
立川市,2020-04-19,0.47,0.00,2.47,0.05,1.10
立川市,2020-04-20,0.48,0.00,2.51,0.07,1.13
立川市,2020-04-21,0.49,0.00,2.54,0.09,1.16
立川市,2020-04-22,0.50,0.00,2.57,0.06,1.15
立川市,2020-04-23,0.51,0.00,2.61,0.08,1.18
立川市,2020-04-24,0.51,0.00,2.64,0.10,1.21
立川市,2020-04-25,0.52,0.00,2.68,0.06,1.19
立川市,2020-04-26,0.52,0.00,2.71,0.08,1.22
立川市,2020-04-27,0.52,0.00,2.74,0.10,1.25
立川市,2020-04-28,0.52,0.00,2.77,0.14,1.30
立川市,2020-04-29,0.53,0.00,2.80,0.08,1.26
立川市,2020-04-30,0.53,0.00,2.83,0.09,1.28
立川市,2020-05-01,0.53,0.00,2.86,0.11,1.31
立川市,2020-05-02,0.54,0.00,2.90,0.15,1.36
立川市,2020-05-03,0.54,0.00,2.93,0.08,1.31
立川市,2020-05-04,0.54,0.00,2.96,0.09,1.33
立川市,2020-05-05,0.54,0.00,2.98,0.10,1.35
立川市,2020-05-06,0.54,0.00,3.01,0.12,1.38
立川市,2020-05-07,0.55,0.00,3.04,0.07,1.35
立川市,2020-05-08,0.55,0.00,3.07,0.08,1.37
立川市,2020-05-09,0.55,0.00,3.10,0.09,1.39
立川市,2020-05-10,0.55,0.00,3.13,0.09,1.40
立川市,2020-05-11,0.55,0.00,3.16,0.11,1.43
立川市,2020-05-12,0.55,0.00,3.18,0.12,1.45
立川市,2020-05-13,0.56,0.00,3.21,0.13,1.47
立川市,2020-05-14,0.48,0.00,2.88,0.03,1.21
立川市,2020-05-15,0.49,0.00,2.91,0.05,1.24
練馬区,2020-03-31,3.00,0.86,6.84,1.86,4.27
練馬区,2020-04-01,3.15,1.06,6.36,2.01,4.22
練馬区,2020-04-02,3.14,1.14,5.80,2.09,4.05
練馬区,2020-04-03,2.79,0.96,4.98,1.93,3.61
練馬区,2020-04-04,2.76,0.96,4.73,1.94,3.51
練馬区,2020-04-05,2.36,0.72,4.12,1.66,3.07
練馬区,2020-04-06,2.09,0.53,3.74,1.35,2.69
練馬区,2020-04-07,2.02,0.45,3.61,1.34,2.66
練馬区,2020-04-08,1.96,0.34,3.46,1.27,2.58
練馬区,2020-04-09,1.91,0.27,3.35,1.14,2.45
練馬区,2020-04-10,1.85,0.27,3.30,1.12,2.42
練馬区,2020-04-11,1.80,0.21,3.20,1.04,2.34
練馬区,2020-04-12,1.88,0.23,3.27,1.10,2.41
練馬区,2020-04-13,1.94,0.29,3.33,1.17,2.47
練馬区,2020-04-14,1.98,0.33,3.34,1.29,2.56
練馬区,2020-04-15,1.99,0.38,3.33,1.30,2.54
練馬区,2020-04-16,1.86,0.29,3.13,1.14,2.35
練馬区,2020-04-17,1.76,0.27,3.01,1.06,2.24
練馬区,2020-04-18,1.56,0.14,2.74,0.89,2.04
練馬区,2020-04-19,1.50,0.10,2.65,0.82,1.96
練馬区,2020-04-20,1.44,0.09,2.59,0.75,1.88
練馬区,2020-04-21,1.50,0.12,2.65,0.83,1.96
練馬区,2020-04-22,1.54,0.14,2.68,0.90,2.02
練馬区,2020-04-23,1.57,0.17,2.70,0.90,2.01
練馬区,2020-04-24,1.48,0.15,2.60,0.87,1.95
練馬区,2020-04-25,1.31,0.10,2.42,0.71,1.76
練馬区,2020-04-26,1.04,0.00,2.14,0.40,1.40
練馬区,2020-04-27,0.69,0.00,1.97,0.19,1.11
練馬区,2020-04-28,0.54,0.00,1.91,0.16,1.03
練馬区,2020-04-29,0.54,0.00,1.93,0.13,1.01
練馬区,2020-04-30,0.65,0.00,2.05,0.18,1.12
練馬区,2020-05-01,0.80,0.00,2.15,0.27,1.26
練馬区,2020-05-02,0.79,0.00,2.14,0.23,1.22
練馬区,2020-05-03,0.78,0.00,2.13,0.27,1.25
練馬区,2020-05-04,0.63,0.00,2.03,0.16,1.09
練馬区,2020-05-05,0.62,0.00,2.04,0.17,1.10
練馬区,2020-05-06,0.53,0.00,1.96,0.12,1.00
練馬区,2020-05-07,0.47,0.00,1.89,0.11,0.94
練馬区,2020-05-08,0.63,0.00,2.11,0.23,1.18
練馬区,2020-05-09,0.95,0.00,2.31,0.38,1.44
練馬区,2020-05-10,1.09,0.00,2.37,0.45,1.54
練馬区,2020-05-11,1.20,0.00,2.41,0.56,1.66
練馬区,2020-05-12,1.03,0.00,2.25,0.40,1.44
練馬区,2020-05-13,0.86,0.00,2.12,0.32,1.30
練馬区,2020-05-14,0.56,0.00,1.93,0.16,1.04
練馬区,2020-05-15,0.39,0.00,1.71,0.04,0.78
羽村市,2020-03-31,3.00,0.86,6.84,1.86,4.27
羽村市,2020-04-01,3.02,0.85,6.91,1.83,4.27
羽村市,2020-04-02,3.04,0.80,6.94,1.91,4.37
羽村市,2020-04-03,3.06,0.81,7.02,1.85,4.34
羽村市,2020-04-04,3.08,0.78,7.06,1.96,4.47
羽村市,2020-04-05,3.10,0.71,7.06,1.87,4.41
羽村市,2020-04-06,3.11,0.70,7.11,1.82,4.39
羽村市,2020-04-07,3.13,0.64,7.11,1.87,4.46
羽村市,2020-04-08,3.15,0.55,7.08,1.96,4.57
羽村市,2020-04-09,2.24,0.15,4.73,1.25,3.18
羽村市,2020-04-10,2.25,0.08,4.70,1.24,3.20
羽村市,2020-04-11,2.26,0.07,4.72,1.21,3.20
羽村市,2020-04-12,2.27,0.05,4.73,1.18,3.20
羽村市,2020-04-13,2.28,0.03,4.74,1.27,3.31
羽村市,2020-04-14,2.29,0.06,4.79,1.18,3.25
羽村市,2020-04-15,2.29,0.03,4.79,1.11,3.21
羽村市,2020-04-16,2.30,0.00,4.79,1.14,3.26
羽村市,2020-04-17,2.30,0.01,4.82,1.18,3.32
羽村市,2020-04-18,2.31,0.00,4.84,1.06,3.23
羽村市,2020-04-19,2.31,0.00,4.86,1.06,3.25
羽村市,2020-04-20,2.31,0.00,4.88,1.05,3.26
羽村市,2020-04-21,2.31,0.00,4.91,1.03,3.26
羽村市,2020-04-22,2.31,0.00,4.93,1.00,3.25
羽村市,2020-04-23,2.30,0.00,4.95,0.96,3.23
羽村市,2020-04-24,2.30,0.00,4.97,1.08,3.36
羽村市,2020-04-25,2.30,0.00,5.00,0.98,3.28
羽村市,2020-04-26,2.29,0.00,5.02,0.90,3.22
羽村市,2020-04-27,2.28,0.00,5.04,0.99,3.32
羽村市,2020-04-28,2.28,0.00,5.06,0.86,3.21
羽村市,2020-04-29,2.27,0.00,5.08,0.92,3.28
羽村市,2020-04-30,2.26,0.00,5.10,0.77,3.15
羽村市,2020-05-01,2.25,0.00,5.12,0.79,3.18
羽村市,2020-05-02,2.24,0.00,5.14,0.82,3.22
羽村市,2020-05-03,0.72,0.00,4.36,0.22,2.22
羽村市,2020-05-04,0.70,0.00,4.39,0.17,2.18
羽村市,2020-05-05,0.70,0.00,4.41,0.20,2.21
羽村市,2020-05-06,0.70,0.00,4.43,0.16,2.18
羽村市,2020-05-07,0.71,0.00,4.45,0.20,2.22
羽村市,2020-05-08,0.71,0.00,4.47,0.16,2.19
羽村市,2020-05-09,0.71,0.00,4.49,0.20,2.23
羽村市,2020-05-10,0.71,0.00,4.52,0.16,2.20
羽村市,2020-05-11,0.71,0.00,4.54,0.21,2.25
羽村市,2020-05-12,0.71,0.00,4.56,0.17,2.22
羽村市,2020-05-13,0.71,0.00,4.58,0.23,2.28
羽村市,2020-05-14,0.71,0.00,4.60,0.17,2.23
羽村市,2020-05-15,0.70,0.00,4.62,0.14,2.21
荒川区,2020-03-31,3.00,0.86,6.84,1.86,4.27
荒川区,2020-04-01,3.02,0.85,6.91,1.83,4.27
荒川区,2020-04-02,3.04,0.80,6.94,1.91,4.37
荒川区,2020-04-03,2.92,0.79,6.27,1.77,4.01
荒川区,2020-04-04,2.83,0.72,5.82,1.81,3.90
荒川区,2020-04-05,2.75,0.69,5.53,1.80,3.79
荒川区,2020-04-06,2.68,0.60,5.26,1.72,3.64
荒川区,2020-04-07,2.62,0.59,5.10,1.62,3.49
荒川区,2020-04-08,2.56,0.49,4.89,1.57,3.40
荒川区,2020-04-09,2.50,0.46,4.76,1.50,3.30
荒川区,2020-04-10,2.45,0.37,4.59,1.50,3.27
荒川区,2020-04-11,2.40,0.38,4.52,1.46,3.21
荒川区,2020-04-12,2.36,0.26,4.34,1.47,3.20
荒川区,2020-04-13,2.31,0.27,4.28,1.38,3.10
荒川区,2020-04-14,2.03,0.08,3.84,1.10,2.77
荒川区,2020-04-15,2.03,0.05,3.85,1.08,2.78
荒川区,2020-04-16,2.03,0.06,3.89,1.04,2.77
荒川区,2020-04-17,2.03,0.01,3.88,0.99,2.75
荒川区,2020-04-18,2.03,0.01,3.91,1.03,2.81
荒川区,2020-04-19,2.02,0.01,3.94,0.94,2.75
荒川区,2020-04-20,1.97,0.05,3.90,0.99,2.77
荒川区,2020-04-21,2.21,0.07,4.10,1.18,3.00
荒川区,2020-04-22,2.10,0.07,3.93,1.09,2.85
荒川区,2020-04-23,2.01,0.05,3.77,1.00,2.71
荒川区,2020-04-24,1.64,0.00,3.39,0.69,2.29
荒川区,2020-04-25,1.59,0.00,3.36,0.60,2.19
荒川区,2020-04-26,1.13,0.00,3.13,0.25,1.72
荒川区,2020-04-27,1.04,0.00,3.16,0.22,1.70
荒川区,2020-04-28,0.92,0.00,3.13,0.23,1.69
荒川区,2020-04-29,1.78,0.00,3.54,0.74,2.40
荒川区,2020-04-30,1.94,0.07,3.63,0.96,2.60
荒川区,2020-05-01,2.03,0.14,3.65,1.06,2.65
荒川区,2020-05-02,1.64,0.07,3.21,0.76,2.22
荒川区,2020-05-03,1.32,0.00,2.87,0.52,1.87
荒川区,2020-05-04,0.99,0.00,2.67,0.25,1.50
荒川区,2020-05-05,0.60,0.00,2.51,0.13,1.28
荒川区,2020-05-06,0.50,0.00,2.38,0.15,1.20
荒川区,2020-05-07,0.51,0.00,2.42,0.15,1.21
荒川区,2020-05-08,0.51,0.00,2.45,0.08,1.16
荒川区,2020-05-09,0.52,0.00,2.49,0.09,1.18
荒川区,2020-05-10,1.49,0.01,3.15,0.58,2.04
荒川区,2020-05-11,1.81,0.14,3.34,0.93,2.38
荒川区,2020-05-12,1.64,0.09,3.04,0.92,2.25
荒川区,2020-05-13,1.36,0.04,2.70,0.59,1.82
荒川区,2020-05-14,0.77,0.00,2.24,0.19,1.23
荒川区,2020-05-15,0.38,0.00,1.83,0.08,0.86
葛飾区,2020-03-31,3.00,0.86,6.84,1.86,4.27
葛飾区,2020-04-01,2.70,0.89,5.46,1.74,3.64
葛飾区,2020-04-02,2.51,0.76,4.81,1.72,3.40
葛飾区,2020-04-03,2.19,0.62,4.23,1.40,2.90
葛飾区,2020-04-04,2.14,0.54,4.07,1.33,2.80
葛飾区,2020-04-05,2.26,0.61,4.18,1.42,2.91
葛飾区,2020-04-06,2.17,0.48,3.93,1.35,2.79
葛飾区,2020-04-07,2.10,0.42,3.77,1.33,2.73
葛飾区,2020-04-08,2.02,0.35,3.62,1.22,2.60
葛飾区,2020-04-09,1.96,0.29,3.49,1.18,2.54
葛飾区,2020-04-10,1.90,0.22,3.36,1.18,2.52
葛飾区,2020-04-11,1.84,0.19,3.27,1.12,2.45
葛飾区,2020-04-12,1.64,0.10,3.02,0.86,2.17
葛飾区,2020-04-13,1.61,0.04,2.95,0.90,2.21
葛飾区,2020-04-14,1.73,0.13,3.13,0.95,2.29
葛飾区,2020-04-15,1.82,0.14,3.20,1.01,2.36
葛飾区,2020-04-16,2.17,0.44,3.63,1.41,2.75
葛飾区,2020-04-17,2.01,0.37,3.39,1.28,2.56
葛飾区,2020-04-18,1.87,0.28,3.17,1.13,2.37
葛飾区,2020-04-19,1.40,0.06,2.61,0.72,1.89
葛飾区,2020-04-20,1.21,0.00,2.43,0.49,1.63
葛飾区,2020-04-21,0.98,0.00,2.32,0.33,1.42
葛飾区,2020-04-22,0.91,0.00,2.33,0.32,1.41
葛飾区,2020-04-23,1.09,0.00,2.46,0.40,1.55
葛飾区,2020-04-24,1.05,0.00,2.44,0.43,1.57
葛飾区,2020-04-25,0.76,0.00,2.32,0.19,1.27
葛飾区,2020-04-26,0.56,0.00,2.22,0.12,1.13
葛飾区,2020-04-27,0.56,0.00,2.24,0.16,1.17
葛飾区,2020-04-28,0.56,0.00,2.27,0.13,1.15
葛飾区,2020-04-29,0.56,0.00,2.29,0.11,1.14
葛飾区,2020-04-30,0.92,0.00,2.58,0.30,1.49
葛飾区,2020-05-01,0.91,0.00,2.55,0.25,1.43
葛飾区,2020-05-02,0.89,0.00,2.52,0.30,1.46
葛飾区,2020-05-03,0.87,0.00,2.49,0.26,1.41
葛飾区,2020-05-04,0.64,0.00,2.34,0.20,1.26
葛飾区,2020-05-05,0.45,0.00,2.10,0.11,1.02
葛飾区,2020-05-06,0.46,0.00,2.15,0.06,0.99
葛飾区,2020-05-07,0.47,0.00,2.19,0.09,1.03
葛飾区,2020-05-08,0.49,0.00,2.21,0.09,1.04
葛飾区,2020-05-09,0.57,0.00,2.37,0.15,1.19
葛飾区,2020-05-10,0.58,0.00,2.37,0.16,1.20
葛飾区,2020-05-11,0.92,0.00,2.65,0.28,1.49
葛飾区,2020-05-12,0.92,0.00,2.58,0.30,1.48
葛飾区,2020-05-13,0.91,0.00,2.52,0.26,1.42
葛飾区,2020-05-14,0.69,0.00,2.35,0.26,1.32
葛飾区,2020-05-15,0.67,0.00,2.33,0.18,1.24
西東京市,2020-03-31,3.00,0.86,6.84,1.86,4.27
西東京市,2020-04-01,3.02,0.85,6.91,1.83,4.27
西東京市,2020-04-02,2.57,0.65,5.59,1.54,3.55
西東京市,2020-04-03,2.59,0.63,5.65,1.54,3.58
西東京市,2020-04-04,2.61,0.57,5.67,1.54,3.61
西東京市,2020-04-05,2.63,0.52,5.69,1.54,3.64
西東京市,2020-04-06,2.29,0.30,4.84,1.41,3.27
西東京市,2020-04-07,2.30,0.26,4.85,1.30,3.20
西東京市,2020-04-08,2.32,0.20,4.84,1.30,3.23
西東京市,2020-04-09,2.02,0.07,4.21,1.06,2.84
西東京市,2020-04-10,2.03,0.08,4.25,1.05,2.86
西東京市,2020-04-11,2.04,0.08,4.28,1.02,2.86
西東京市,2020-04-12,1.74,0.00,3.78,0.78,2.49
西東京市,2020-04-13,1.74,0.00,3.80,0.67,2.41
西東京市,2020-04-14,0.84,0.00,3.12,0.26,1.68
西東京市,2020-04-15,0.67,0.00,3.15,0.19,1.62
西東京市,2020-04-16,0.65,0.00,3.18,0.17,1.61
西東京市,2020-04-17,1.24,0.00,3.32,0.42,1.95
西東京市,2020-04-18,0.54,0.00,2.75,0.15,1.36
西東京市,2020-04-19,0.69,0.00,2.94,0.20,1.53
西東京市,2020-04-20,1.46,0.00,3.29,0.51,2.04
西東京市,2020-04-21,0.55,0.00,2.58,0.14,1.28
西東京市,2020-04-22,0.47,0.00,2.42,0.07,1.11
西東京市,2020-04-23,0.48,0.00,2.46,0.09,1.14
西東京市,2020-04-24,0.50,0.00,2.46,0.06,1.12
西東京市,2020-04-25,0.51,0.00,2.47,0.09,1.15
西東京市,2020-04-26,0.52,0.00,2.48,0.14,1.20
西東京市,2020-04-27,0.53,0.00,2.49,0.10,1.17
西東京市,2020-04-28,0.47,0.00,2.33,0.07,1.05
西東京市,2020-04-29,0.47,0.00,2.37,0.12,1.11
西東京市,2020-04-30,0.44,0.00,2.21,0.06,0.97
西東京市,2020-05-01,0.41,0.00,2.08,0.02,0.87
西東京市,2020-05-02,0.43,0.00,2.12,0.03,0.90
西東京市,2020-05-03,0.44,0.00,2.16,0.08,0.96
西東京市,2020-05-04,0.58,0.00,2.47,0.13,1.19
西東京市,2020-05-05,0.42,0.00,1.99,0.06,0.88
西東京市,2020-05-06,0.43,0.00,2.02,0.04,0.88
西東京市,2020-05-07,0.41,0.00,1.93,0.04,0.83
西東京市,2020-05-08,0.42,0.00,1.97,0.05,0.86
西東京市,2020-05-09,0.43,0.00,2.01,0.05,0.88
西東京市,2020-05-10,0.44,0.00,2.06,0.05,0.90
西東京市,2020-05-11,0.45,0.00,2.10,0.05,0.92
西東京市,2020-05-12,0.46,0.00,2.14,0.12,1.00
西東京市,2020-05-13,0.46,0.00,2.18,0.09,0.99
西東京市,2020-05-14,0.33,0.00,1.69,0.01,0.68
西東京市,2020-05-15,0.37,0.00,1.73,0.06,0.75
調布市,2020-03-31,3.00,0.86,6.84,1.86,4.27
調布市,2020-04-01,3.02,0.85,6.91,1.83,4.27
調布市,2020-04-02,3.04,0.80,6.94,1.91,4.37
調布市,2020-04-03,3.06,0.81,7.02,1.85,4.34
調布市,2020-04-04,2.94,0.72,6.27,1.80,4.06
調布市,2020-04-05,2.84,0.67,5.83,1.85,3.96
調布市,2020-04-06,2.76,0.67,5.56,1.68,3.70
調布市,2020-04-07,2.68,0.60,5.30,1.71,3.65
調布市,2020-04-08,2.62,0.55,5.10,1.61,3.50
調布市,2020-04-09,2.84,0.69,5.31,1.79,3.71
調布市,2020-04-10,2.69,0.59,4.94,1.72,3.53
調布市,2020-04-11,2.33,0.35,4.35,1.47,3.16
調布市,2020-04-12,2.29,0.27,4.22,1.44,3.12
調布市,2020-04-13,2.48,0.37,4.43,1.54,3.25
調布市,2020-04-14,2.38,0.30,4.22,1.51,3.17
調布市,2020-04-15,2.29,0.25,4.05,1.36,2.99
調布市,2020-04-16,2.20,0.25,3.94,1.29,2.89
調布市,2020-04-17,2.13,0.20,3.80,1.30,2.87
調布市,2020-04-18,1.86,0.05,3.42,0.96,2.49
調布市,2020-04-19,1.82,0.06,3.41,0.99,2.52
調布市,2020-04-20,1.79,0.00,3.34,0.85,2.39
調布市,2020-04-21,1.75,0.00,3.32,0.82,2.36
調布市,2020-04-22,1.71,0.00,3.30,0.78,2.32
調布市,2020-04-23,1.67,0.00,3.28,0.71,2.25
調布市,2020-04-24,1.63,0.00,3.26,0.63,2.17
調布市,2020-04-25,1.59,0.01,3.25,0.64,2.17
調布市,2020-04-26,1.20,0.00,3.04,0.35,1.78
調布市,2020-04-27,1.14,0.00,3.07,0.32,1.76
調布市,2020-04-28,1.07,0.00,3.10,0.30,1.75
調布市,2020-04-29,0.98,0.00,3.13,0.27,1.73
調布市,2020-04-30,0.90,0.00,3.11,0.21,1.66
調布市,2020-05-01,0.85,0.00,3.09,0.25,1.68
調布市,2020-05-02,0.82,0.00,3.07,0.21,1.63
調布市,2020-05-03,0.80,0.00,3.05,0.18,1.59
調布市,2020-05-04,0.56,0.00,2.83,0.15,1.41
調布市,2020-05-05,0.56,0.00,2.87,0.13,1.40
調布市,2020-05-06,0.56,0.00,2.90,0.13,1.41
調布市,2020-05-07,0.57,0.00,2.93,0.12,1.41
調布市,2020-05-08,0.57,0.00,2.96,0.12,1.42
調布市,2020-05-09,0.57,0.00,2.99,0.12,1.43
調布市,2020-05-10,0.57,0.00,3.02,0.12,1.44
調布市,2020-05-11,0.57,0.00,3.05,0.12,1.45
調布市,2020-05-12,0.57,0.00,3.08,0.12,1.46
調布市,2020-05-13,0.57,0.00,3.11,0.11,1.46
調布市,2020-05-14,0.57,0.00,3.14,0.11,1.47
調布市,2020-05-15,0.58,0.00,3.17,0.11,1.48
豊島区,2020-03-31,3.00,0.86,6.84,1.86,4.27
豊島区,2020-04-01,2.89,0.85,6.19,1.79,3.98
豊島区,2020-04-02,3.17,1.00,6.37,2.04,4.27
豊島区,2020-04-03,2.94,0.92,5.65,1.92,3.89
豊島区,2020-04-04,2.77,0.82,5.19,1.80,3.62
豊島区,2020-04-05,2.89,0.93,5.20,1.95,3.73
豊島区,2020-04-06,2.69,0.83,4.79,1.78,3.43
豊島区,2020-04-07,2.73,0.87,4.70,1.87,3.46
豊島区,2020-04-08,2.72,0.89,4.54,1.91,3.42
豊島区,2020-04-09,2.66,0.94,4.39,1.85,3.28
豊島区,2020-04-10,2.29,0.66,3.88,1.51,2.85
豊島区,2020-04-11,2.02,0.37,3.45,1.30,2.59
豊島区,2020-04-12,1.94,0.30,3.32,1.19,2.47
豊島区,2020-04-13,1.87,0.26,3.22,1.22,2.48
豊島区,2020-04-14,1.93,0.31,3.28,1.21,2.47
豊島区,2020-04-15,1.96,0.34,3.29,1.30,2.54
豊島区,2020-04-16,1.97,0.39,3.29,1.26,2.48
豊島区,2020-04-17,1.74,0.24,2.99,1.03,2.22
豊島区,2020-04-18,1.55,0.11,2.73,0.93,2.09
豊島区,2020-04-19,1.38,0.02,2.52,0.76,1.90
豊島区,2020-04-20,1.20,0.00,2.39,0.47,1.59
豊島区,2020-04-21,1.16,0.00,2.39,0.44,1.56
豊島区,2020-04-22,1.27,0.00,2.49,0.52,1.68
豊島区,2020-04-23,1.22,0.00,2.46,0.49,1.64
豊島区,2020-04-24,1.00,0.00,2.33,0.29,1.39
豊島区,2020-04-25,0.72,0.00,2.23,0.26,1.29
豊島区,2020-04-26,0.68,0.00,2.24,0.17,1.21
豊島区,2020-04-27,0.66,0.00,2.26,0.17,1.21
豊島区,2020-04-28,0.65,0.00,2.27,0.18,1.22
豊島区,2020-04-29,0.84,0.00,2.40,0.25,1.36
豊島区,2020-04-30,0.82,0.00,2.39,0.27,1.37
豊島区,2020-05-01,0.62,0.00,2.26,0.15,1.18
豊島区,2020-05-02,0.61,0.00,2.27,0.15,1.18
豊島区,2020-05-03,0.61,0.00,2.28,0.16,1.19
豊島区,2020-05-04,0.51,0.00,2.17,0.11,1.07
豊島区,2020-05-05,0.52,0.00,2.20,0.10,1.07
豊島区,2020-05-06,0.52,0.00,2.22,0.10,1.08
豊島区,2020-05-07,0.53,0.00,2.25,0.09,1.08
豊島区,2020-05-08,0.53,0.00,2.27,0.16,1.15
豊島区,2020-05-09,0.63,0.00,2.43,0.21,1.29
豊島区,2020-05-10,0.53,0.00,2.29,0.13,1.13
豊島区,2020-05-11,0.63,0.00,2.44,0.19,1.28
豊島区,2020-05-12,0.64,0.00,2.44,0.17,1.26
豊島区,2020-05-13,0.63,0.00,2.43,0.15,1.24
豊島区,2020-05-14,0.53,0.00,2.29,0.16,1.16
豊島区,2020-05-15,0.53,0.00,2.31,0.12,1.13
足立区,2020-03-31,3.00,0.86,6.84,1.86,4.27
足立区,2020-04-01,3.31,1.03,6.93,2.07,4.51
足立区,2020-04-02,3.03,0.94,5.91,1.97,4.04
足立区,2020-04-03,3.15,1.08,5.80,2.09,4.07
足立区,2020-04-04,2.87,0.97,5.18,1.93,3.69
足立区,2020-04-05,2.67,0.85,4.76,1.79,3.42
足立区,2020-04-06,2.52,0.75,4.46,1.73,3.27
足立区,2020-04-07,2.40,0.65,4.22,1.64,3.12
足立区,2020-04-08,2.29,0.58,4.04,1.52,2.96
足立区,2020-04-09,2.20,0.45,3.83,1.42,2.83
足立区,2020-04-10,2.27,0.54,3.90,1.49,2.89
足立区,2020-04-11,2.16,0.48,3.73,1.42,2.78
足立区,2020-04-12,1.92,0.23,3.33,1.13,2.46
足立区,2020-04-13,1.86,0.20,3.25,1.11,2.43
足立区,2020-04-14,1.80,0.20,3.20,1.01,2.33
足立区,2020-04-15,1.89,0.21,3.26,1.13,2.45
足立区,2020-04-16,1.81,0.16,3.14,1.09,2.39
足立区,2020-04-17,1.74,0.15,3.06,0.97,2.26
足立区,2020-04-18,1.67,0.12,2.97,0.97,2.24
足立区,2020-04-19,1.46,0.01,2.71,0.74,1.98
足立区,2020-04-20,1.42,0.02,2.69,0.65,1.89
足立区,2020-04-21,1.37,0.00,2.65,0.67,1.90
足立区,2020-04-22,1.32,0.01,2.63,0.53,1.76
足立区,2020-04-23,1.28,0.00,2.60,0.50,1.72
足立区,2020-04-24,1.23,0.00,2.58,0.46,1.67
足立区,2020-04-25,1.18,0.00,2.56,0.43,1.63
足立区,2020-04-26,1.14,0.00,2.53,0.39,1.58
足立区,2020-04-27,1.09,0.00,2.51,0.35,1.53
足立区,2020-04-28,1.05,0.00,2.49,0.32,1.49
足立区,2020-04-29,1.00,0.00,2.48,0.29,1.45
足立区,2020-04-30,1.18,0.00,2.58,0.52,1.72
足立区,2020-05-01,0.92,0.00,2.42,0.25,1.38
足立区,2020-05-02,0.88,0.00,2.40,0.24,1.36
足立区,2020-05-03,0.85,0.00,2.39,0.24,1.35
足立区,2020-05-04,0.62,0.00,2.26,0.19,1.22
足立区,2020-05-05,0.61,0.00,2.27,0.19,1.22
足立区,2020-05-06,0.51,0.00,2.17,0.13,1.09
足立区,2020-05-07,0.52,0.00,2.19,0.12,1.09
足立区,2020-05-08,0.52,0.00,2.22,0.11,1.09
足立区,2020-05-09,0.53,0.00,2.25,0.10,1.09
足立区,2020-05-10,0.80,0.00,2.54,0.22,1.38
足立区,2020-05-11,1.26,0.01,2.79,0.46,1.75
足立区,2020-05-12,1.40,0.03,2.84,0.64,1.93
足立区,2020-05-13,1.50,0.08,2.88,0.80,2.07
足立区,2020-05-14,1.42,0.06,2.73,0.69,1.91
足立区,2020-05-15,1.21,0.00,2.47,0.58,1.72
青梅市,2020-03-31,3.00,0.86,6.84,1.86,4.27
青梅市,2020-04-01,3.02,0.85,6.91,1.83,4.27
青梅市,2020-04-02,3.04,0.80,6.94,1.91,4.37
青梅市,2020-04-03,3.06,0.81,7.02,1.85,4.34
青梅市,2020-04-04,3.08,0.78,7.06,1.96,4.47
青梅市,2020-04-05,3.10,0.71,7.06,1.87,4.41
青梅市,2020-04-06,3.11,0.70,7.11,1.82,4.39
青梅市,2020-04-07,3.13,0.64,7.11,1.87,4.46
青梅市,2020-04-08,3.15,0.55,7.08,1.96,4.57
青梅市,2020-04-09,3.16,0.51,7.09,1.86,4.50
青梅市,2020-04-10,3.18,0.55,7.17,1.91,4.57
青梅市,2020-04-11,3.19,0.41,7.08,1.83,4.52
青梅市,2020-04-12,2.63,0.15,5.54,1.42,3.68
青梅市,2020-04-13,2.64,0.13,5.55,1.48,3.76
青梅市,2020-04-14,2.65,0.10,5.55,1.42,3.73
青梅市,2020-04-15,2.66,0.13,5.60,1.46,3.79
青梅市,2020-04-16,2.67,0.08,5.58,1.39,3.75
青梅市,2020-04-17,2.68,0.11,5.63,1.42,3.80
青梅市,2020-04-18,2.19,0.00,4.69,0.99,3.11
青梅市,2020-04-19,2.19,0.00,4.71,0.98,3.12
青梅市,2020-04-20,2.19,0.00,4.73,0.96,3.12
青梅市,2020-04-21,2.19,0.00,4.76,0.92,3.10
青梅市,2020-04-22,2.18,0.00,4.78,0.87,3.07
青梅市,2020-04-23,2.18,0.00,4.80,0.98,3.19
青梅市,2020-04-24,2.17,0.00,4.82,0.86,3.09
青梅市,2020-04-25,2.16,0.00,4.85,0.77,3.02
青梅市,2020-04-26,2.16,0.00,4.87,0.81,3.07
青梅市,2020-04-27,2.15,0.00,4.89,0.69,2.97
青梅市,2020-04-28,2.13,0.00,4.91,0.70,2.99
青梅市,2020-04-29,2.12,0.00,4.93,0.71,3.01
青梅市,2020-04-30,2.11,0.00,4.95,0.73,3.04
青梅市,2020-05-01,2.09,0.00,4.98,0.54,2.87
青梅市,2020-05-02,2.08,0.00,5.00,0.51,2.85
青梅市,2020-05-03,2.06,0.00,5.02,0.48,2.83
青梅市,2020-05-04,2.04,0.00,5.04,0.45,2.81
青梅市,2020-05-05,2.02,0.00,5.06,0.58,2.94
青梅市,2020-05-06,2.00,0.00,5.08,0.51,2.88
青梅市,2020-05-07,1.98,0.00,5.10,0.44,2.82
青梅市,2020-05-08,1.95,0.00,5.12,0.38,2.77
青梅市,2020-05-09,0.60,0.00,4.32,0.12,2.05
青梅市,2020-05-10,0.60,0.00,4.34,0.16,2.09
青梅市,2020-05-11,0.61,0.00,4.36,0.12,2.06
青梅市,2020-05-12,0.62,0.00,4.38,0.16,2.10
青梅市,2020-05-13,0.64,0.00,4.19,0.15,2.01
青梅市,2020-05-14,0.52,0.00,3.64,0.06,1.60
青梅市,2020-05-15,0.53,0.00,3.66,0.05,1.60
